/wiki/Leon_Legge	Legge
/wiki/Matt_Ritchie	Matt
/wiki/John_Trollope_(footballer)	John Trollope 
/wiki/Jay_Tabb	Jay
/wiki/Andy_Sinton	Sinton
/wiki/Barry_Ashby	Barry
/wiki/Andrew_McCulloch_(footballer)	Andrew
/wiki/Steve_Mildenhall	Mildenhall
/wiki/Gary_Phillips_(footballer)	Phillips
/wiki/Rhys_Evans	Rhys Evans
/wiki/Lee_Carsley	Lee Carsley
/wiki/Stan_Harland	Harland
/wiki/Lorenzo_Amoruso	Amoruso
/wiki/Gordon_Sweetzer	Gordon Sweetzer
/wiki/Jay_Tabb	Jay Tabb
/wiki/Daryl_Murphy	Daryl
/wiki/Darren_Powell	Powell
/wiki/Terry_Hurlock	Terry Hurlock
/wiki/Barry_Ashby	Ashby
/wiki/Jonathan_Douglas	Jonathan
/wiki/Christophe_Berra	Christophe
/wiki/Clayton_Donaldson	Clayton
/wiki/Duncan_Shearer	Shearer
/wiki/Andrew_McCulloch_(footballer)	McCulloch
/wiki/John_Docherty	Docherty
/wiki/Giles_Coke	Giles Coke
/wiki/Christophe_Berra	Christophe Berra
/wiki/Peter_Eastoe	Eastoe
/wiki/Paul_Rideout	Paul Rideout
/wiki/Mick_McCarthy	Mick McCarthy
/wiki/John_Docherty	John Docherty
/wiki/Graham_Benstead	Benstead
/wiki/Kevin_Dearden	Kevin Dearden
/wiki/Don_Rogers_(footballer)	Rogers
/wiki/Gary_Kelly_(footballer_born_1974)	Gary Kelly 
/wiki/Steve_Staunton	Steve Staunton
/wiki/Michael_Turner_(footballer)	Michael
/wiki/Peter_Noble	Peter Noble
/wiki/Darren_Powell	Darren Powell
/wiki/Billy_Manuel	Billy
/wiki/Luke_Varney	Luke Varney
/wiki/Gordon_Sweetzer	Gordon
/wiki/Robert_Taylor_(footballer)	Taylor
/wiki/Steve_Sherwood	Sherwood
/wiki/Sam_Sodje	Sam Sodje
/wiki/Kevin_Nicholls	Kevin Nicholls
/wiki/Danis_Salman	Salman
/wiki/Martin_Andresen	Martin Andresen
/wiki/Dean_Gerken	Dean Gerken
/wiki/Kenny_Stroud	Kenny
/wiki/Sam_Sodje	Sam
/wiki/Sam_Sodje	Sodje
/wiki/Don_Rogers_(footballer)	Don Rogers 
/wiki/Andrew_McCulloch_(footballer)	Andrew McCulloch 
/wiki/Micky_Block	Micky
/wiki/Trevor_Anderson	Trevor Anderson
/wiki/Mick_McCarthy	McCarthy
/wiki/Graham_Benstead	Graham Benstead
/wiki/Gary_Phillips_(footballer)	Gary
/wiki/Lorenzo_Amoruso	Lorenzo
/wiki/Paul_Bodin	Paul
/wiki/Toumani_Diagouraga	Diagouraga
/wiki/George_Ndah	George
/wiki/Kevin_Dearden	Kevin
/wiki/Danis_Salman	Danis
/wiki/Duncan_Shearer	Duncan
/wiki/Graeme_Souness	Souness
/wiki/Jo_Kuffour	Jo
/wiki/Stan_Bowles	Bowles
/wiki/Darren_Powell	Darren
/wiki/Mark_Hughes	Mark
/wiki/Peter_Eastoe	Peter Eastoe
/wiki/Mark_Hughes	Mark Hughes
/wiki/Sam_Parkin	Parkin
/wiki/Leon_Legge	Leon
/wiki/Paul_Bodin	Paul Bodin
/wiki/Don_Rogers_(footballer)	Don
/wiki/Ken_McPherson	McPherson
/wiki/Brett_Pitman	Pitman
/wiki/Leon_Legge	Leon Legge
/wiki/Michael_Turner_(footballer)	Michael Turner 
/wiki/Ken_Coote	Ken
/wiki/Mike_Summerbee	Mike
/wiki/Colin_Calderwood	Colin Calderwood
/wiki/Dennis_Wise	Dennis Wise
/wiki/Lee_Peacock	Lee
/wiki/Martin_Rowlands	Martin Rowlands
/wiki/Mel_Scott	Mel
/wiki/Carl_Hutchings	Hutchings
/wiki/Brett_Pitman	Brett
/wiki/Alan_McCormack	Alan
/wiki/Richard_Lee_(footballer)	Richard Lee
/wiki/Sam_Wood_(footballer)	Wood
/wiki/Mick_McCarthy	Mick
/wiki/Cole_Skuse	Cole Skuse
/wiki/Terry_Hurlock	Terry
/wiki/Chris_Kamara	Chris
/wiki/Shaun_Derry	Shaun Derry
/wiki/Keith_Millen	Keith
/wiki/Ken_Coote	Coote
/wiki/Christophe_Berra	Berra
/wiki/Cole_Skuse	Skuse
/wiki/David_McGoldrick	David
/wiki/Fraser_Digby	Digby
/wiki/Miguel_Comminges	Miguel
/wiki/Miguel_Comminges	Comminges
/wiki/Micky_Block	Micky Block
/wiki/Danis_Salman	Danis Salman
/wiki/Richard_Lee_(footballer)	Richard Lee 
/wiki/Micky_Block	Block
/wiki/Peter_Noble	Peter
/wiki/Dean_Gerken	Dean
/wiki/Kenny_Stroud	Kenny Stroud
/wiki/Rhys_Evans	Evans
/wiki/Chris_Kamara	Kamara
/wiki/Billy_Manuel	Billy Manuel
/wiki/Alan_McCormack	McCormack
/wiki/Steve_Staunton	Steve
/wiki/Roy_Carter_(footballer)	Roy
/wiki/Tommy_Mooney	Mooney
/wiki/Peter_Downsborough	Peter Downsborough
/wiki/Jay_Tabb	Tabb
/wiki/Gary_Kelly_(footballer_born_1974)	Gary Kelly
/wiki/Daryl_Murphy	Daryl Murphy
/wiki/Clayton_Donaldson	Donaldson
/wiki/Tommy_Mooney	Tommy Mooney
/wiki/Roy_Carter_(footballer)	Roy Carter 
/wiki/Lee_Carsley	Carsley
/wiki/Shaun_Derry	Derry
/wiki/Robert_Taylor_(footballer)	Robert
/wiki/Matthew_Heywood	Matthew Heywood
/wiki/Frank_Talia	Frank Talia
/wiki/Miguel_Comminges	Miguel Comminges
/wiki/Matt_Ritchie	Matt Ritchie
/wiki/Graeme_Souness	Graeme
/wiki/Jo_Kuffour	Jo Kuffour
/wiki/Toumani_Diagouraga	Toumani Diagouraga
/wiki/Frank_Burrows	Frank Burrows
/wiki/Fraser_Digby	Fraser Digby
/wiki/Billy_Manuel	Manuel
/wiki/Shaun_Taylor	Shaun Taylor
/wiki/Ken_Coote	Ken Coote
/wiki/Jo_Kuffour	Kuffour
/wiki/Gordon_Sweetzer	Sweetzer
/wiki/George_Ndah	George Ndah
/wiki/Peter_Downsborough	Downsborough
/wiki/Paul_Rideout	Rideout
/wiki/Ben_Pringle	Pringle
/wiki/David_Lucas_(footballer)	David Lucas 
/wiki/Colin_Gordon_(footballer)	Colin Gordon 
/wiki/Mel_Nurse	Mel Nurse
/wiki/Mel_Scott	Mel Scott
/wiki/Chris_Kamara	Chris Kamara
/wiki/Sam_Wood_(footballer)	Sam Wood 
/wiki/Stan_Bowles	Stan
/wiki/Matt_Ritchie	Ritchie
/wiki/Ben_Pringle	Ben
/wiki/Carl_Hutchings	Carl
/wiki/Trevor_Anderson	Anderson
/wiki/Lee_Peacock	Peacock
/wiki/Brett_Pitman	Brett Pitman
/wiki/Frank_Burrows	Burrows
/wiki/George_Ndah	Ndah
/wiki/Trevor_Anderson	Trevor
/wiki/Tommy_Mooney	Tommy
/wiki/Colin_Calderwood	Calderwood
/wiki/Gary_Phillips_(footballer)	Gary Phillips 
/wiki/Ben_Pringle	Ben Pringle
/wiki/Steve_Mildenhall	Steve Mildenhall
/wiki/David_McGoldrick	McGoldrick
/wiki/Clayton_Donaldson	Clayton Donaldson
/wiki/Robert_Taylor_(footballer)	Robert Taylor 
/wiki/Kevin_Blackwell	Blackwell
/wiki/Matthew_Heywood	Matthew
/wiki/Barry_Ashby	Barry Ashby
/wiki/Fraser_Digby	Fraser
/wiki/Frank_Talia	Talia
/wiki/Freddie_Sears	Freddie Sears
/wiki/Dean_Gerken	Gerken
/wiki/Freddie_Sears	Sears
/wiki/Colin_Calderwood	Colin
/wiki/Graeme_Souness	Graeme Souness
/wiki/Luke_Varney	Varney
/wiki/Andy_Sinton	Andy
/wiki/Cole_Skuse	Cole
/wiki/Alan_McCormack	Alan McCormack
/wiki/David_Lucas_(footballer)	David Lucas
/wiki/Richard_Lee_(footballer)	Richard
/wiki/Kevin_Blackwell	Kevin Blackwell
/wiki/Jonathan_Douglas	Douglas
/wiki/David_McGoldrick	David McGoldrick
/wiki/Stan_Bowles	Stan Bowles
/wiki/Lorenzo_Amoruso	Lorenzo Amoruso
/wiki/Toumani_Diagouraga	Toumani
/wiki/John_Moncur	Moncur
/wiki/Gavin_Mahon	Gavin Mahon
/wiki/Carl_Hutchings	Carl Hutchings
/wiki/Mel_Nurse	Nurse
/wiki/Martin_Andresen	Andresen
/wiki/Luke_Chambers	Luke Chambers
/wiki/Peter_Noble	Noble
/wiki/Shaun_Derry	Shaun
/wiki/John_Moncur	John
/wiki/Steve_Staunton	Staunton
/wiki/Luke_Varney	Luke
/wiki/Giles_Coke	Coke
/wiki/Daryl_Murphy	Murphy
/wiki/Sam_Parkin	Sam Parkin
/wiki/Kenny_Stroud	Stroud
/wiki/Freddie_Sears	Freddie
/wiki/Giles_Coke	Giles
/wiki/John_Moncur	John Moncur
/wiki/Ken_McPherson	Ken McPherson
/wiki/Keith_Millen	Keith Millen
/wiki/Kevin_Nicholls	Nicholls
/wiki/Mike_Summerbee	Mike Summerbee
/wiki/Mark_Hughes	Hughes
/wiki/Dennis_Wise	Wise
/wiki/David_Lucas_(footballer)	Lucas
/wiki/Stan_Harland	Stan Harland
/wiki/Paul_Bodin	Bodin
/wiki/Mike_Summerbee	Summerbee
/wiki/Steve_Sherwood	Steve Sherwood
/wiki/Lee_Peacock	Lee Peacock
/wiki/Kevin_Dearden	Dearden
/wiki/Martin_Rowlands	Martin
/wiki/Gary_Kelly_(footballer_born_1974)	Kelly
/wiki/Andy_Sinton	Andy Sinton
/wiki/John_Trollope_(footballer)	Trollope
/wiki/Rhys_Evans	Rhys
/wiki/Duncan_Shearer	Duncan Shearer
/wiki/Roy_Carter_(footballer)	Carter
/wiki/Gavin_Mahon	Mahon
/wiki/Graham_Benstead	Graham
/wiki/Gavin_Mahon	Gavin
/wiki/Terry_Hurlock	Hurlock
/wiki/Mel_Scott	Scott
/wiki/Keith_Millen	Millen
/wiki/Matthew_Heywood	Heywood
/wiki/Frank_Talia	Frank
/wiki/Luke_Chambers	Chambers
/wiki/Michael_Turner_(footballer)	Turner
/wiki/Dennis_Wise	Dennis
/wiki/Martin_Rowlands	Rowlands
