/wiki/Alex_Kotlowitz	Alex
/wiki/Mr._T	Mr. T
/wiki/Deval_Patrick	Patrick
/wiki/Deval_Patrick	Deval Patrick
/wiki/Alex_Kotlowitz	Kotlowitz
/wiki/Alex_Kotlowitz	Alex Kotlowitz
/wiki/Kirby_Puckett	Kirby
/wiki/Mr._T	Mr.
/wiki/Mr._T	T
/wiki/Kirby_Puckett	Puckett
/wiki/Deval_Patrick	Deval
/wiki/Kirby_Puckett	Kirby Puckett
