/wiki/Hirokazu_Yasuhara	Yasuhara
/wiki/Hirokazu_Yasuhara	Hirokazu
/wiki/Mark_Cerny	Mark
/wiki/Mark_Cerny	Cerny
/wiki/Mark_Cerny	Mark Cerny
/wiki/Yuji_Naka	Naka
/wiki/Hirokazu_Yasuhara	Hirokazu Yasuhara
/wiki/Yuji_Naka	Yuji
