/wiki/Jody_Latham	Jody Latham
/wiki/Jimmy_McGovern	Jimmy
/wiki/Jonathan_Rhys_Meyers	Jonathan
/wiki/Jimmy_McGovern	McGovern
/wiki/Jonathan_Rhys_Meyers	Meyers
/wiki/Michael_Gomez	Michael
/wiki/Michael_Gomez	Michael Gomez
/wiki/Jimmy_McGovern	Jimmy McGovern
/wiki/Jonathan_Rhys_Meyers	Jonathan Rhys Meyers
/wiki/Jody_Latham	Latham
/wiki/Jody_Latham	Jody
/wiki/Bob_Hoskins	Bob
/wiki/Michael_Gomez	Gomez
/wiki/Bob_Hoskins	Hoskins
/wiki/Jonathan_Rhys_Meyers	Rhys
/wiki/Bob_Hoskins	Bob Hoskins
