/wiki/Alan_Stevenson	Alan Stevenson
/wiki/Alan_Stevenson	Stevenson
/wiki/Alan_Stevenson	Alan
/wiki/Oliver_Cromwell	Oliver Cromwell
/wiki/Oliver_Cromwell	Oliver
/wiki/John_Slezer	John
/wiki/John_Slezer	John Slezer
/wiki/Oliver_Cromwell	Cromwell
/wiki/John_Slezer	Slezer
