/wiki/Dudi_Sela	Dudi
/wiki/Mikhail_Youzhny	Mikhail Youzhny
/wiki/Dudi_Sela	Sela
/wiki/Andy_Ram	Andy
/wiki/Mikhail_Youzhny	Youzhny
/wiki/Igor_Andreev	Andreev
/wiki/Jonathan_Erlich	Jonathan
/wiki/Noam_Behr	Noam Behr
/wiki/Harel_Levy	Levy
/wiki/Harel_Levy	Harel
/wiki/Eyal_Ran	Read
/wiki/Mikhail_Youzhny	Mikhail
/wiki/Marat_Safin	Marat
/wiki/Harel_Levy	Harel Levy
/wiki/Igor_Kunitsyn	Igor Kunitsyn
/wiki/Marat_Safin	Safin
/wiki/Igor_Kunitsyn	Kunitsyn
/wiki/Eyal_Ran	Eyal
/wiki/Dudi_Sela	Dudi Sela
/wiki/Jonathan_Erlich	Erlich
/wiki/Igor_Andreev	Igor Andreev
/wiki/Jonathan_Erlich	Jonathan Erlich
/wiki/Marat_Safin	Marat Safin
/wiki/Noam_Behr	Noam
/wiki/Igor_Andreev	Igor
/wiki/Eyal_Ran	Ran
/wiki/Andy_Ram	Ram
/wiki/Andy_Ram	Andy Ram
/wiki/Noam_Behr	Behr
