/wiki/Francis_Pryor	Pryor
/wiki/Mick_Aston	Aston
/wiki/Philip_A._Barker	Philip
/wiki/Francis_Pryor	Francis Pryor
/wiki/Philip_A._Barker	Barker
/wiki/Philip_A._Barker	Philip A. Barker
/wiki/Philip_A._Barker	A.
/wiki/Mick_Aston	Mick
/wiki/Francis_Pryor	Francis
/wiki/Philip_A._Barker	Philip Barker
/wiki/Peter_Hinton	Hinton
/wiki/Peter_Hinton	Peter
/wiki/Mick_Aston	Mick Aston
/wiki/Peter_Hinton	Peter Hinton
