/wiki/Brenda_Milner	Brenda Milner
/wiki/Brenda_Milner	Milner
/wiki/Charles_Hollenberg	Charles Hollenberg
/wiki/Edith_Kaplan	Kaplan
/wiki/Maarten_Schmidt	Schmidt
/wiki/Michael_E._Brown	Brown
/wiki/Roger_Wolcott_Sperry	Roger W. Sperry
/wiki/Adolfo_J._de_Bold	Bold
/wiki/Edith_Kaplan	Edith Kaplan
/wiki/Sten_Grillner	Sten
/wiki/Ronald_Drever	Ronald
/wiki/Calvin_Quate	Calvin
/wiki/Henry_Friesen	Henry
/wiki/Oliver_Zangwill	Oliver Zangwill
/wiki/Thomas_Ebbesen	Thomas
/wiki/Oliver_Zangwill	Zangwill
/wiki/Maurice_LeClair	Maurice
/wiki/Sylvia_Fedoruk	Fedoruk
/wiki/Henry_J._M._Barnett	Barnett
/wiki/Gerd_Binnig	Gerd Binnig
/wiki/Winfried_Denk	Winfried Denk
/wiki/Paul_David	Paul
/wiki/Charles_George_Drake	George
/wiki/Tak_Wah_Mak	Tak
/wiki/Claude_Fortier	Claude
/wiki/Henry_J._M._Barnett	M.
/wiki/David_MacLennan	David MacLennan
/wiki/Kenneth_Heilman	Heilman
/wiki/Gustave_Gingras	Gustave
/wiki/Alan_Guth	Guth
/wiki/John_McCrae	McCrae
/wiki/Jane_Luu	Jane
/wiki/Sylvia_Fedoruk	Sylvia
/wiki/Oswald_Avery	Avery
/wiki/Lucille_Teasdale-Corti	Lucille
/wiki/Frederick_Montizambert	Montizambert
/wiki/Alan_Guth	Alan
/wiki/Mark_Rosenzweig	Mark Rosenzweig
/wiki/Wilbert_Keon	Wilbert Keon
/wiki/Kip_Thorne	Kip Thorne
/wiki/Donald_Lynden-Bell	Donald Lynden-Bell
/wiki/Don_Eigler	Donald Eigler
/wiki/Tak_Wah_Mak	Tak Wah Mak
/wiki/William_Osler	William Osler
/wiki/William_Arthur_Cochrane	Arthur
/wiki/Ernest_McCulloch	Ernest
/wiki/John_Pendry	Pendry
/wiki/Antonio_Damasio	Antonio
/wiki/Mildred_Dresselhaus	Mildred
/wiki/Armand_Frappier	Armand
/wiki/Carla_J._Shatz	Carla
/wiki/Charles_Thomas_Beer	Charles Thomas Beer
/wiki/Clarke_Fraser	Clarke
/wiki/James_Collip	James Bertram Collip
/wiki/Heinz_Lehmann	Heinz Lehmann
/wiki/Maurice_LeClair	Maurice LeClair
/wiki/Pasko_Rakic	Pasko
/wiki/Mildred_Dresselhaus	Dresselhaus
/wiki/Jack_Hirsh	Jack Hirsh
/wiki/Oswald_Avery	Oswald Avery
/wiki/Louis_Siminovitch	Siminovitch
/wiki/Ian_McWhinney	McWhinney
/wiki/Eve_Marder	Eve
/wiki/Roger_Wolcott_Sperry	Roger
/wiki/Phineas_Gage	Phineas Gage
/wiki/Adolfo_J._de_Bold	Adolfo
/wiki/Clarke_Fraser	Fraser
/wiki/Ronald_Melzack	Ronald Melzack
/wiki/Henry_J._M._Barnett	Henry J. M. Barnett
/wiki/Alexander_Luria	Alexander Luria
/wiki/Jean_Dussault	Dussault
/wiki/Eve_Marder	Eve Marder
/wiki/Sylvia_Fedoruk	Sylvia Fedoruk
/wiki/Charles_Philippe_Leblond	Leblond
/wiki/Walter_Mackenzie	Walter
/wiki/Robert_Noble	Noble
/wiki/William_Osler	Osler
/wiki/William_Thornton_Mustard	Mustard
/wiki/Muriel_Lezak	Muriel Lezak
/wiki/Frederick_Montizambert	Frederick Montizambert
/wiki/Sten_Grillner	Grillner
/wiki/Jack_Hirsh	Jack
/wiki/Albert_Aguayo	Aguayo
/wiki/Don_Eigler	Don
/wiki/William_Feindel	Feindel
/wiki/Wilfred_Gordon_Bigelow	Wilfred Gordon Bigelow
/wiki/Alan_Guth	Alan Guth
/wiki/Henry_Molaison	Molaison
/wiki/Bernard_Belleau	Bernard Belleau
/wiki/Endel_Tulving	Endel
/wiki/Armand_Frappier	Frappier
/wiki/Edith_Kaplan	Edith
/wiki/Michael_Smith_(chemist)	Smith
/wiki/Rainer_Weiss	Weiss
/wiki/Endel_Tulving	Endel Tulving
/wiki/Benjamin_Libet	Benjamin
/wiki/Maude_Abbott	Abbott
/wiki/Stefan_Hell	Stefan
/wiki/Frederic_Bartlett	Frederic
/wiki/Claude_Fortier	Fortier
/wiki/Pasko_Rakic	Pasko Rakic
/wiki/Michael_E._Brown	Michael
/wiki/Herbert_Jasper	Herbert
/wiki/Donald_O._Hebb	Donald O. Hebb
/wiki/Wilfred_Gordon_Bigelow	Gordon
/wiki/Michael_Merzenich	Michael Merzenich
/wiki/Wilbert_Keon	Wilbert
/wiki/Maurice_LeClair	LeClair
/wiki/Oswald_Avery	Oswald
/wiki/Charles_Hollenberg	Hollenberg
/wiki/Jane_Luu	Luu
/wiki/Michael_Smith_(chemist)	Michael Smith
/wiki/David_MacLennan	MacLennan
/wiki/Wilder_Penfield	Wilder Graves Penfield
/wiki/Mildred_Dresselhaus	Mildred Dresselhaus
/wiki/Elizabeth_Bagshaw	Elizabeth
/wiki/Norman_Geschwind	Geschwind
/wiki/Walter_Mackenzie	Mackenzie
/wiki/William_Osler	William
/wiki/Judith_Goslin_Hall	Judith Goslin Hall
/wiki/Brenda_Milner	Article
/wiki/Charles_Scriver	Charles Scriver
/wiki/Sumio_Iijima	Iijima
/wiki/Wilfred_Grenfell	Wilfred Thomason Grenfell
/wiki/Pasko_Rakic	Rakic
/wiki/David_Bohm	David Bohm
/wiki/Maude_Abbott	Maude
/wiki/Norman_Bethune	Norman Bethune
/wiki/Ian_McWhinney	Ian McWhinney
/wiki/Roberta_Bondar	Roberta Bondar
/wiki/Rainer_Weiss	Rainer
/wiki/John_Robert_Evans	Evans
/wiki/Charles_Scriver	Scriver
/wiki/Frederic_Bartlett	Frederic Bartlett
/wiki/James_Rothman	Rothman
/wiki/Adolfo_J._de_Bold	Adolfo J. de Bold
/wiki/Muriel_Lezak	Lezak
/wiki/Armand_Frappier	Armand Frappier
/wiki/William_Arthur_Cochrane	William A. Cochrane
/wiki/David_C._Jewitt	Jewitt
/wiki/Henry_Molaison	Henry Molaison
/wiki/Frederick_Banting	Frederick Grant Banting
/wiki/Roger_Wolcott_Sperry	Roger Wolcott Sperry
/wiki/James_Till	Till
/wiki/Rainer_Weiss	Rainer Weiss
/wiki/Alexander_Luria	Luria
/wiki/Calvin_Quate	Quate
/wiki/Thomas_Ebbesen	Thomas Ebbesen
/wiki/Maarten_Schmidt	Maarten Schmidt
/wiki/Henry_Molaison	Henry Molaison 
/wiki/Alexander_Luria	Alexander
/wiki/Maarten_Schmidt	Maarten
/wiki/Hans_Selye	Hans
/wiki/Carla_J._Shatz	Carla J. Shatz
/wiki/Robert_B._Salter	Robert Bruce Salter
/wiki/Peter_Lougheed	Peter
/wiki/Karl_H._Pribram	Pribram
/wiki/Harold_Copp	Harold Copp
/wiki/Adolfo_J._de_Bold	Adolfo de Bold
/wiki/Gerd_Binnig	Gerd
/wiki/Louis_E._Brus	Brus
/wiki/Tommy_Douglas	Douglas
/wiki/Jacques_Genest	Jacques Genest
/wiki/Elkhonon_Goldberg	Elkhonon
/wiki/John_Pendry	John Pendry
/wiki/Kip_Thorne	Kip
/wiki/Albert_Aguayo	Albert
/wiki/Judith_Goslin_Hall	Hall
/wiki/Cornelia_Bargmann	Cornelia Bargmann
/wiki/Frederick_Banting	Frederick
/wiki/Carla_J._Shatz	Shatz
/wiki/Peter_Lougheed	Peter Lougheed
/wiki/Jacques_Genest	Jacques
/wiki/Stefan_Hell	Stefan Hell
/wiki/Harold_E._Johns	Johns
/wiki/Bruce_Chown	Bruce
/wiki/Jane_Luu	Jane Luu
/wiki/Robert_B._Salter	Salter
/wiki/Elkhonon_Goldberg	Goldberg
/wiki/Karl_H._Pribram	Karl
/wiki/Cornelia_Bargmann	Cornelia
/wiki/Ian_McWhinney	Ian
/wiki/Calvin_Quate	Calvin Quate
/wiki/Christoph_Gerber	Christoph Gerber
/wiki/Michael_Smith_(chemist)	Michael Smith 
/wiki/Karl_H._Pribram	Karl H. Pribram
/wiki/Elkhonon_Goldberg	Elkhonon Goldberg
/wiki/Wilfred_Grenfell	Wilfred
/wiki/Phineas_Gage	Phineas
/wiki/Charles_George_Drake	Charles George Drake
/wiki/Louis_E._Brus	Louis
/wiki/Adolfo_J._de_Bold	de
/wiki/Sumio_Iijima	Sumio Iijima
/wiki/Antonio_Damasio	Antonio Damasio
/wiki/Murray_Barr	Murray Barr
/wiki/Ernest_McCulloch	Ernest McCulloch
/wiki/Donald_Lynden-Bell	Lynden-Bell
/wiki/Maude_Abbott	Maude Elizabeth Seymour Abbott
/wiki/Robert_Noble	Robert Laing Noble
/wiki/William_Feindel	William Feindel
/wiki/Henry_J._M._Barnett	J.
/wiki/Stefan_Hell	Hell
/wiki/Terry_Fox	Fox
/wiki/Gerd_Binnig	Binnig
/wiki/John_Pendry	John
/wiki/Albert_Aguayo	Albert Aguayo
/wiki/Thomas_Jessell	Thomas Jessell
/wiki/Kenneth_Heilman	Kenneth Heilman
/wiki/Wilder_Penfield	Wilder Penfield
/wiki/Terry_Fox	Terry
/wiki/David_Sackett	David Sackett
/wiki/Jean_Dussault	Jean Dussault
/wiki/Ronald_Melzack	Melzack
/wiki/Hans_Selye	Hans Selye
/wiki/William_Arthur_Cochrane	Cochrane
/wiki/Wilfred_Gordon_Bigelow	Bigelow
/wiki/Peter_Lougheed	Lougheed
/wiki/Don_Eigler	Eigler
/wiki/Roberta_Bondar	Bondar
/wiki/Cornelia_Bargmann	Bargmann
/wiki/Ernest_McCulloch	McCulloch
/wiki/Tak_Wah_Mak	Wah
/wiki/Clarke_Fraser	F. Clarke Fraser
/wiki/Benjamin_Libet	Libet
/wiki/Oliver_Sacks	Oliver
/wiki/James_Collip	Collip
/wiki/David_C._Jewitt	C.
/wiki/Andrei_Linde	Andrei Linde
/wiki/Robert_B._Salter	Robert B. Salter
/wiki/Phil_Gold	Phil
/wiki/Kip_Thorne	Thorne
/wiki/Winfried_Denk	Denk
/wiki/Gustave_Gingras	Gustave Gingras
/wiki/William_Thornton_Mustard	William Thornton Mustard
/wiki/Judith_Goslin_Hall	Goslin
/wiki/Heinz_Lehmann	Heinz
/wiki/Kenneth_Heilman	Kenneth
/wiki/Wilder_Penfield	Wilder
/wiki/Louis_Siminovitch	Louis Siminovitch
/wiki/Ann_Graybiel	Ann
/wiki/Walter_Mackenzie	Walter Mackenzie
/wiki/Norman_Bethune	Bethune
/wiki/Antonio_Damasio	Damasio
/wiki/Elizabeth_Bagshaw	Bagshaw
/wiki/Marc_Lalonde	Lalonde
/wiki/Arnold_Naimark	Arnold Naimark
/wiki/Anthony_Pawson	Pawson
/wiki/Harold_Copp	Copp
/wiki/Bette_Stephenson	Bette
/wiki/Harold_E._Johns	Harold E. Johns
/wiki/Elizabeth_Bagshaw	Elizabeth Bagshaw
/wiki/Mark_Rosenzweig	Rosenzweig
/wiki/John_James_Rickard_Macleod	John James Rickard Macleod
/wiki/Thomas_Ebbesen	Ebbesen
/wiki/Lucille_Teasdale-Corti	Lucille Teasdale-Corti
/wiki/Ann_Graybiel	Graybiel
/wiki/Robert_Noble	Robert Noble
/wiki/James_Collip	James Collip
/wiki/Ronald_Drever	Ronald Drever
/wiki/Maud_Menten	Menten
/wiki/Endel_Tulving	Tulving
/wiki/Winfried_Denk	Winfried
/wiki/Bernard_Belleau	Belleau
/wiki/Sten_Grillner	Sten Grillner
/wiki/Donald_O._Hebb	O.
/wiki/Norman_Geschwind	Norman Geschwind
/wiki/Michael_E._Brown	Michael E. Brown
/wiki/Charles_Herbert_Best	Charles Herbert Best
/wiki/Claude_Fortier	Claude Fortier
/wiki/Bernard_Belleau	Bernard
/wiki/Hans_Selye	Selye
/wiki/Lucille_Teasdale-Corti	Teasdale-Corti
/wiki/Ann_Graybiel	Ann Graybiel
/wiki/Ronald_Drever	Drever
/wiki/Donald_O._Hebb	Hebb
/wiki/David_C._Jewitt	David C. Jewitt
/wiki/Judith_Goslin_Hall	Judith
/wiki/Jack_Hirsh	Hirsh
/wiki/Charles_Philippe_Leblond	Philippe
/wiki/Anthony_Pawson	Anthony Pawson
/wiki/William_Arthur_Cochrane	William Arthur Cochrane
/wiki/Clarke_Fraser	Clarke Fraser
/wiki/Benjamin_Libet	Benjamin Libet
/wiki/Robert_Noble	Robert
/wiki/Roger_Wolcott_Sperry	Sperry
/wiki/Roberta_Bondar	Roberta
/wiki/James_Till	James
/wiki/James_Till	James Till
/wiki/Charles_George_Drake	Drake
/wiki/Henry_Friesen	Henry Friesen
/wiki/Tommy_Douglas	Tommy Douglas
/wiki/Brenda_Milner	Brenda
/wiki/Robert_B._Salter	B.
/wiki/Thomas_Jessell	Jessell
/wiki/Herbert_Jasper	Jasper
/wiki/Marc_Lalonde	Marc
/wiki/James_Rothman	James Rothman
/wiki/Mark_Rosenzweig	Mark
/wiki/Charles_Thomas_Beer	Beer
/wiki/Henry_Friesen	Friesen
/wiki/Gustave_Gingras	Gingras
/wiki/John_James_Rickard_Macleod	Rickard
/wiki/Wilbert_Keon	Keon
/wiki/David_Bohm	David
/wiki/Bruce_Chown	Chown
/wiki/Maud_Menten	Maud
/wiki/John_McCrae	John McCrae
/wiki/Murray_Barr	Barr
/wiki/Christoph_Gerber	Christoph
/wiki/Marc_Lalonde	Marc Lalonde
/wiki/John_Robert_Evans	John Robert Evans
/wiki/Karl_H._Pribram	H.
/wiki/Frederick_Banting	Frederick Banting
/wiki/Jacques_Genest	Genest
/wiki/Charles_Herbert_Best	Best
/wiki/Roger_Wolcott_Sperry	Wolcott
/wiki/Bruce_Chown	Bruce Chown
/wiki/Phineas_Gage	Gage
/wiki/Herbert_Jasper	Herbert Jasper
/wiki/Maude_Abbott	Maude Abbott
/wiki/Harold_Copp	Harold
/wiki/Norman_Bethune	Norman
/wiki/Wilder_Penfield	Penfield
/wiki/Heinz_Lehmann	Lehmann
/wiki/Harold_Copp	Douglas Harold Copp
/wiki/Phil_Gold	Phil Gold
/wiki/Anthony_Pawson	Anthony
/wiki/Louis_E._Brus	Louis E. Brus
/wiki/Frederic_Bartlett	Bartlett
/wiki/Charles_Philippe_Leblond	Charles Philippe Leblond
/wiki/Bette_Stephenson	Stephenson
/wiki/Tommy_Douglas	Tommy
/wiki/David_Bohm	Bohm
/wiki/John_James_Rickard_Macleod	Macleod
/wiki/Jean_Dussault	Jean
/wiki/Eve_Marder	Marder
/wiki/Phil_Gold	Gold
/wiki/Murray_Barr	Murray
/wiki/Michael_Merzenich	Merzenich
/wiki/Muriel_Lezak	Muriel
/wiki/Terry_Fox	Terry Fox
/wiki/Wilfred_Grenfell	Grenfell
/wiki/William_Thornton_Mustard	Thornton
/wiki/Christoph_Gerber	Gerber
/wiki/Maud_Menten	Maud Menten
/wiki/Andrei_Linde	Linde
/wiki/Donald_O._Hebb	Donald
/wiki/Andrei_Linde	Andrei
/wiki/Don_Eigler	Don Eigler
/wiki/Tak_Wah_Mak	Mak
/wiki/Oliver_Sacks	Sacks
/wiki/Arnold_Naimark	Arnold
/wiki/Harold_E._Johns	E.
/wiki/Frederick_Banting	Banting
/wiki/Wilfred_Grenfell	Wilfred Grenfell
/wiki/David_Sackett	Sackett
/wiki/Bette_Stephenson	Bette Stephenson
/wiki/Oliver_Sacks	Oliver Sacks
/wiki/Charles_Scriver	Charles
/wiki/Arnold_Naimark	Naimark
/wiki/Paul_David	Paul David
/wiki/Sumio_Iijima	Sumio
