/wiki/Aziz_Ansari	Ansari
/wiki/Rob_Riggle	Rob Riggle
/wiki/Michael_Moore	Moore
/wiki/Rob_Riggle	Riggle
/wiki/Rob_Corddry	Rob Corddry
/wiki/Rob_Riggle	Rob
/wiki/Michael_Moore	Michael
/wiki/Rob_Huebel	Huebel
/wiki/Paul_Scheer	Paul Scheer
/wiki/Paul_Scheer	Scheer
/wiki/Rob_Corddry	Corddry
/wiki/Aziz_Ansari	Aziz
/wiki/Aziz_Ansari	Aziz Ansari
/wiki/Paul_Scheer	Paul
/wiki/Michael_Moore	Michael Moore
