/wiki/Leroy_Ioas	Ioas
/wiki/Francis_Joseph_Magner	Francis
/wiki/Leroy_Ioas	Leroy
/wiki/John_J._Feely	J.
/wiki/George_Cutshaw	Cutshaw
/wiki/Damien_Anderson	Damien
/wiki/Leroy_Ioas	Leroy Ioas
/wiki/Francis_Joseph_Magner	Francis Joseph Magner
/wiki/John_J._Feely	John J. Feely
/wiki/John_J._Feely	Feely
/wiki/Damien_Anderson	Anderson
/wiki/Francis_Joseph_Magner	Joseph
/wiki/Francis_Joseph_Magner	Magner
/wiki/Damien_Anderson	Damien Anderson
/wiki/George_Cutshaw	George Cutshaw
/wiki/John_J._Feely	John
/wiki/George_Cutshaw	George
