/wiki/Elliott_Sharp	Elliott Sharp
/wiki/Norman_Mailer	Mailer
/wiki/Norman_Mailer	Norman
/wiki/Susan_Sarandon	Susan Sarandon
/wiki/Susan_Sarandon	Susan
/wiki/Elliott_Sharp	Sharp
/wiki/Jack_Womack	Womack
/wiki/Jack_Womack	Jack Womack
/wiki/Gary_Gilmore	Gary Gilmore
/wiki/Ivan_Fisher	Ivan
/wiki/Gary_Gilmore	Gilmore
/wiki/Jack_Womack	Jack
/wiki/Gary_Gilmore	Gary
/wiki/Ivan_Fisher	Ivan Fisher
/wiki/Ivan_Fisher	Fisher
/wiki/Elliott_Sharp	Elliott
/wiki/Norman_Mailer	Norman Mailer
/wiki/Susan_Sarandon	Sarandon
