/wiki/Bob_and_Doug_McKenzie	and
/wiki/Space_Ghost	Ghost
/wiki/Joe_Flaherty	Joe Flaherty
/wiki/Joe_Flaherty	Flaherty
/wiki/Space_Ghost	Space
/wiki/Edith_Prickley	Edith
/wiki/Martin_Short	Martin
/wiki/Ingmar_Bergman	Ingmar Bergman
/wiki/Ingmar_Bergman	Bergman
/wiki/Irv_Weinstein	Irv
/wiki/Brak_(character)	Brak
/wiki/Rick_Moranis	Rick
/wiki/Bob_and_Doug_McKenzie	McKenzie
/wiki/Tom_Jolls	Tom
/wiki/Lloyd_Robertson	Robertson
/wiki/John_Candy	John
/wiki/Bob_and_Doug_McKenzie	Bob and Doug McKenzie
/wiki/John_Zacherle	John Zacherle
/wiki/Tom_Jolls	Jolls
/wiki/Eugene_Levy	Eugene Levy
/wiki/Rick_Moranis	Moranis
/wiki/Tom_Jolls	Tom Jolls
/wiki/Martin_Short	Martin Short
/wiki/Count_Dracula	Dracula
/wiki/Harold_Ramis	Ramis
/wiki/Dave_Thomas_(actor)	Dave Thomas 
/wiki/Lloyd_Robertson	Lloyd Robertson
/wiki/Brak_(character)	Brak 
/wiki/Dave_Thomas_(actor)	Dave
/wiki/Joe_Flaherty	Joe
/wiki/Eugene_Levy	Eugene
/wiki/John_Candy	John Candy
/wiki/Count_Dracula	Count
/wiki/Count_Dracula	Count Dracula
/wiki/Martin_Short	Short
/wiki/Irv_Weinstein	Weinstein
/wiki/Bernard_Sahlins	Sahlins
/wiki/Bill_Cardille	Bill Cardille
/wiki/Tony_Rosato	Tony Rosato
/wiki/Bill_Cardille	Bill
/wiki/Eugene_Levy	Levy
/wiki/John_Candy	Candy
/wiki/Space_Ghost	Space Ghost
/wiki/Edith_Prickley	Prickley
/wiki/Robin_Duke	Robin Duke
/wiki/Zorak	Zorak
/wiki/Tony_Rosato	Rosato
/wiki/Bob_and_Doug_McKenzie	Bob
/wiki/Harold_Ramis	Harold
/wiki/Tony_Rosato	Tony
/wiki/Robin_Duke	Robin
/wiki/Andrea_Martin	Andrea Martin
/wiki/Irv_Weinstein	Irv Weinstein
/wiki/Robin_Duke	Duke
/wiki/Dave_Thomas_(actor)	Thomas
/wiki/Andrea_Martin	Andrea
/wiki/Ed_Grimley	The Completely Mental Misadventures of Ed Grimley
/wiki/Bernard_Sahlins	Bernard
/wiki/Ed_Grimley	Ed
/wiki/Sheldon_Patinkin	Sheldon
/wiki/Edith_Prickley	Edith Prickley
/wiki/Ed_Grimley	Ed Grimley
/wiki/Bernard_Sahlins	Bernard Sahlins
/wiki/Ed_Grimley	Grimley
/wiki/Dave_Thomas_(actor)	Dave Thomas
/wiki/Harold_Ramis	Harold Ramis
/wiki/Sheldon_Patinkin	Patinkin
/wiki/Lloyd_Robertson	Lloyd
/wiki/Rick_Moranis	Rick Moranis
/wiki/Bob_and_Doug_McKenzie	Doug
/wiki/Bill_Cardille	Cardille
/wiki/John_Zacherle	Zacherle
/wiki/Sheldon_Patinkin	Sheldon Patinkin
/wiki/Ingmar_Bergman	Ingmar
