/wiki/Jim_Adamson	Jim
/wiki/Troy_Cook	Troy Cook
/wiki/Mark_Mercuri	Mercuri
/wiki/Wayne_Carey	Wayne
/wiki/Guy_McKenna	Guy
/wiki/David_King_(Australian_rules_footballer)	David King 
/wiki/Gerard_Neesham	Neesham
/wiki/Paul_Symmons	Paul Symmons
/wiki/Glenn_Freeborn	Freeborn
/wiki/Kingsley_Hunter	Kingsley
/wiki/Ben_Cousins	Cousins
/wiki/Wayne_Schwass	Wayne Schwass
/wiki/Mark_Ricciuto	Ricciuto
/wiki/Todd_Goldstein	Goldstein
/wiki/Laurie_Dwyer	Laurie
/wiki/Shane_Crawford	Shane Crawford
/wiki/Daniel_Chick	Chick
/wiki/Scott_Chisholm_(footballer)	Scott Chisholm 
/wiki/David_Wirrpanda	David Wirrpanda
/wiki/Kym_Hodgeman	Kym
/wiki/Keith_Greig	Keith
/wiki/Brent_Harvey	Brent Harvey
/wiki/Darren_Crocker	Darren Crocker
/wiki/Guy_McKenna	Guy McKenna
/wiki/Jade_Rawlings	Jade Rawlings
/wiki/Justin_Leppitsch	Justin Leppitsch
/wiki/Michael_Voss	Michael Voss
/wiki/Paul_Symmons	Paul
/wiki/George_Kennedy_(footballer)	George
/wiki/Craig_McRae	Craig McRae
/wiki/John_Rantall	John Rantall
/wiki/Ashley_McIntosh	McIntosh
/wiki/Denis_Pagan	Denis Pagan
/wiki/Matthew_Scarlett	Matthew Scarlett
/wiki/Darren_Gaspar	Darren
/wiki/Brad_Johnson_(Australian_rules_footballer)	Brad Johnson 
/wiki/Noel_Teasdale	Teasdale
/wiki/Bob_Brooker	Bob Brooker
/wiki/Jeff_Farmer_(footballer)	Farmer
/wiki/Jim_Adamson	Adamson
/wiki/Leigh_Matthews	Leigh Matthews
/wiki/Ben_Graham_(football_player)	Ben Graham 
/wiki/Matthew_Burton	Matthew Burton
/wiki/Craig_Callaghan	Craig Callaghan
/wiki/Denis_Pagan	Pagan
/wiki/Peter_Matera	Peter Matera
/wiki/James_Clement	James Clement
/wiki/James_Hird	Hird
/wiki/Damian_Drum	Damian
/wiki/Andrew_Schauble	Andrew Schauble
/wiki/Brendan_Krummel	Brendan Krummel
/wiki/Trent_Croad	Trent
/wiki/Glenn_Archer	Archer
/wiki/Kym_Hodgeman	Kym Hodgeman
/wiki/Guy_McKenna	McKenna
/wiki/Chris_Judd	Judd
/wiki/Jock_Spencer	Spencer
/wiki/Ian_Fairley	Ian Fairley
/wiki/Dean_Laidley	Dean
/wiki/Jared_Crouch	Jared
/wiki/Craig_Sholl	Sholl
/wiki/Garry_Lyon	Lyon
/wiki/Brad_Wira	Wira
/wiki/Brent_Harvey	Harvey
/wiki/Robert_Wiley	Robert
/wiki/Mark_Merenda	Merenda
/wiki/Brett_Kirk	Kirk
/wiki/Todd_Ridley	Ridley
/wiki/Jock_Cordner	Cordner
/wiki/Andrew_Swallow	Swallow
/wiki/Brett_Allison	Brett Allison
/wiki/Dale_Kickett	Dale
/wiki/Shaun_McManus	Shaun McManus
/wiki/Jared_Crouch	Crouch
/wiki/Barry_Hall	Barry Hall
/wiki/Aaron_Sandilands	Sandilands
/wiki/Adam_Goodes	Adam Goodes
/wiki/Quenton_Leach	Quenton Leach
/wiki/Greg_Harding	Greg Harding
/wiki/Wally_Carter	Wally
/wiki/Warren_Tredrea	Tredrea
/wiki/James_Clement	Clement
/wiki/Jason_Norrish	Jason Norrish
/wiki/Ben_Hart	Ben
/wiki/George_Kennedy_(footballer)	Kennedy
/wiki/Craig_Burrows	Burrows
/wiki/Lenny_Hayes	Hayes
/wiki/Ryan_Crowley	Crowley
/wiki/Brad_Wira	Brad
/wiki/Rohan_Smith	Rohan Smith
/wiki/Adem_Yze	Adem
/wiki/Darren_Crocker	Crocker
/wiki/Craig_Treleven	Treleven
/wiki/Corey_McKernan	Corey McKernan
/wiki/Glenn_Archer	Glenn
/wiki/Byron_Pickett	Byron
/wiki/Gavin_Wanganeen	Wanganeen
/wiki/Matthew_Carr	Matthew Carr
/wiki/Jock_McCorkell	Jock McCorkell
/wiki/Daniel_Bandy	Daniel Bandy
/wiki/Luke_Toia	Luke Toia
/wiki/Don_Condon	Condon
/wiki/Anthony_Rock	Anthony Rock
/wiki/Scott_Welsh	Welsh
/wiki/Keith_Greig	Greig
/wiki/Shane_Clayton	Clayton
/wiki/Shane_Clayton	Shane Clayton
/wiki/John_Blakey	John Blakey
/wiki/Nathan_Fyfe	Nathan
/wiki/Ken_Montgomery	Ken Montgomery
/wiki/Joel_Smith	Joel
/wiki/Ryan_Crowley	Ryan
/wiki/Anthony_Stevens	Stevens
/wiki/Chris_Judd	Chris Judd
/wiki/Denis_Pagan	Denis
/wiki/Matthew_Lloyd	Lloyd
/wiki/Luke_Power	Luke Power
/wiki/Jade_Rawlings	Rawlings
/wiki/Nicky_Winmar	Nicky
/wiki/Bill_Serong	Serong
/wiki/Rohan_Smith	Smith
/wiki/Ken_Montgomery	Montgomery
/wiki/Malcolm_Blight	Blight
/wiki/Daniel_Bandy	Bandy
/wiki/Paul_Hasleby	Paul Hasleby
/wiki/Noel_Teasdale	Noel Teasdale
/wiki/Darren_Gaspar	Gaspar
/wiki/Keith_Greig	Keith Greig
/wiki/Laurie_Dwyer	Laurie Dwyer
/wiki/Ashley_McIntosh	Ashley
/wiki/Barry_Cable	Cable
/wiki/Trent_Croad	Trent Croad
/wiki/Michael_Voss	Michael
/wiki/Bob_Brooker	Brooker
/wiki/Adrian_Fletcher	Adrian Fletcher
/wiki/Shane_Parker_(footballer)	Parker
/wiki/Les_Foote	Foote
/wiki/Adam_Goodes	Adam
/wiki/Don_Kemp	Kemp
/wiki/Quenton_Leach	Quenton
/wiki/Peter_R._Bell	R.
/wiki/Sam_Kekovich	Sam
/wiki/Matthew_Larkin	Matthew Larkin
/wiki/Gary_Dhurrkay	Gary
/wiki/Tony_Delaney	Tony Delaney
/wiki/Ryan_Turnbull	Turnbull
/wiki/Drew_Banfield	Drew
/wiki/Jarrod_Molloy	Molloy
/wiki/Clive_Waterhouse	Clive Waterhouse
/wiki/Craig_McRae	McRae
/wiki/Don_Kemp	Don
/wiki/Shannon_Motlop	Shannon Motlop
/wiki/Ross_Glendinning	Ross
/wiki/Ken_Montgomery	Ken
/wiki/John_Blakey	Blakey
/wiki/Daniel_Wells_(footballer)	Daniel Wells 
/wiki/Craig_Sholl	Craig Sholl
/wiki/Troy_Cook	Cook
/wiki/Dale_Kickett	Dale Kickett
/wiki/John_Dugdale_(footballer)	Dugdale
/wiki/Marcus_Ashcroft	Ashcroft
/wiki/George_Kennedy_(footballer)	George Kennedy 
/wiki/Nigel_Lappin	Nigel
/wiki/Chad_Morrison	Chad
/wiki/Sam_Kekovich	Sam Kekovich
/wiki/Anthony_Stevens	Anthony Stevens
/wiki/Matthew_Primus	Matthew Primus
/wiki/Cameron_Mooney	Mooney
/wiki/Scott_Watters	Watters
/wiki/Scott_Camporeale	Camporeale
/wiki/Daniel_Chick	Daniel Chick
/wiki/Sam_Kekovich	Kekovich
/wiki/Ben_Allan	Ben Allan
/wiki/David_Sierakowski	David Sierakowski
/wiki/Ian_Fairley	Fairley
/wiki/Phil_Gilbert	Gilbert
/wiki/Quenton_Leach	Leach
/wiki/Drew_Banfield	Drew Banfield
/wiki/Shane_Clayton	Shane
/wiki/Michael_Voss	Voss
/wiki/Scott_Cummings	Cummings
/wiki/Leigh_Matthews	Matthews
/wiki/Adem_Yze	Yze
/wiki/Jeff_Farmer_(footballer)	Jeff Farmer 
/wiki/Allen_Aylett	Allen Aylett
/wiki/Scott_Watters	Scott Watters
/wiki/Justin_Leppitsch	Justin
/wiki/Brendan_Krummel	Brendan
/wiki/Robert_Wiley	Robert Wiley
/wiki/Clive_Waterhouse	Waterhouse
/wiki/John_Brady_(footballer)	John Brady 
/wiki/Peter_Mann	Peter Mann
/wiki/Matthew_Carr	Matthew
/wiki/Craig_Sholl	Craig
/wiki/Matthew_Allan	Allan
/wiki/Rohan_Smith	Rohan
/wiki/Chris_Tarrant_(footballer)	Chris Tarrant 
/wiki/Matthew_Burton	Burton
/wiki/Nigel_Lappin	Nigel Lappin
/wiki/Jock_Spencer	Jock Spencer
/wiki/Brad_Johnson_(Australian_rules_footballer)	B. Johnson
/wiki/Warren_Tredrea	Warren Tredrea
/wiki/Clint_Bizzell	Clint
/wiki/Corey_McKernan	McKernan
/wiki/Paul_Hasleby	Hasleby
/wiki/Shane_Crawford	Crawford
/wiki/Paul_Williams_(Australian_rules_footballer)	Williams
/wiki/Bryan_Martyn	B. Martyn
/wiki/Shaun_McManus	Shaun
/wiki/Luke_Power	Power
/wiki/Michael_Gardiner	Michael Gardiner
/wiki/John_Rantall	Rantall
/wiki/Robert_Murphy_(footballer)	Murphy
/wiki/Dale_Kickett	Kickett
/wiki/Matthew_Scarlett	Scarlett
/wiki/Matthew_Capuano	Matthew Capuano
/wiki/Barry_Hall	Hall
/wiki/Adem_Yze	Adem Yze
/wiki/Shannon_Motlop	Motlop
/wiki/Brett_Allison	Allison
/wiki/Jamie_Merillo	Jamie Merillo
/wiki/Gavin_Wanganeen	Gavin Wanganeen
/wiki/Nathan_Buckley	Buckley
/wiki/Josh_Carr	J. Carr
/wiki/Luke_Darcy	Luke Darcy
/wiki/Craig_Treleven	Craig Treleven
/wiki/Andrew_McKay	Andrew McKay
/wiki/Bill_Serong	Bill Serong
/wiki/Shane_Parker_(footballer)	Shane Parker 
/wiki/Glen_Jakovich	Glen Jakovich
/wiki/Scott_Camporeale	Scott Camporeale
/wiki/Ian_Fairley	Ian
/wiki/Barry_Hall	Barry
/wiki/David_Wirrpanda	Wirrpanda
/wiki/Wayne_Carey	Carey
/wiki/Paul_Williams_(Australian_rules_footballer)	Paul Williams
/wiki/Stephen_Silvagni	Stephen
/wiki/Wayne_Schwass	Schwass
/wiki/Gerard_Neesham	Gerard Neesham
/wiki/Mark_Ricciuto	Mark Ricciuto
/wiki/Mark_Gale	Mark Gale
/wiki/Byron_Pickett	Byron Pickett
/wiki/Scott_Welsh	Scott Welsh
/wiki/Jarrod_Molloy	Jarrod Molloy
/wiki/Laurie_Dwyer	Dwyer
/wiki/Matthew_Pavlich	Pavlich
/wiki/Matthew_Primus	Primus
/wiki/Chad_Morrison	Chad Morrison
/wiki/Joel_Smith	Joel Smith
/wiki/Nathan_Fyfe	Fyfe
/wiki/Chris_Tarrant_(footballer)	Tarrant
/wiki/Phil_Gilbert	Phil Gilbert
/wiki/Winston_Abraham	Winston Abraham
/wiki/Clint_Bizzell	Bizzell
/wiki/Jeff_Farmer_(footballer)	Jeff
/wiki/Jamie_Merillo	Merillo
/wiki/David_Mundy	Mundy
/wiki/Allen_Aylett	Allen
/wiki/Brent_Harvey	Brent
/wiki/Jock_Cordner	Jock
/wiki/Glen_Jakovich	Glen
/wiki/Peter_Burgoyne	Burgoyne
/wiki/Chris_Waterman	Chris Waterman
/wiki/Todd_Ridley	Todd Ridley
/wiki/Cameron_Mooney	Cameron Mooney
/wiki/Shannon_Grant	Grant
/wiki/Stephen_Silvagni	Silvagni
/wiki/Jared_Crouch	Jared Crouch
/wiki/Mark_Merenda	Mark Merenda
/wiki/Steven_King_(footballer)	Steven King 
/wiki/Daniel_McPherson	McPherson
/wiki/John_Blakey	John
/wiki/Shannon_Grant	Shannon Grant
/wiki/Chad_Morrison	Morrison
/wiki/Gary_Dhurrkay	Gary Dhurrkay
/wiki/Chad_Fletcher	Fletcher
/wiki/David_King_(Australian_rules_footballer)	King
/wiki/Brad_Johnson_(Australian_rules_footballer)	Johnson
/wiki/Paul_Williams_(Australian_rules_footballer)	Paul Williams 
/wiki/Clint_Bizzell	Clint Bizzell
/wiki/Ross_Glendinning	Ross Glendinning
/wiki/Trent_Croad	Croad
/wiki/Peter_Mann	Peter
/wiki/Jason_Norrish	Jason
/wiki/Ben_Hart	Ben Hart
/wiki/Michael_Prior	Prior
/wiki/Damian_Drum	Damian Drum
/wiki/Robert_Harvey_(footballer)	Robert Harvey
/wiki/Mark_Bickley	Mark Bickley
/wiki/Dean_Laidley	Laidley
/wiki/Todd_Ridley	Todd
/wiki/James_Hird	James Hird
/wiki/Ben_Hart	Hart
/wiki/Ben_Graham_(football_player)	Graham
/wiki/Chris_Tarrant_(footballer)	Chris Tarrant
/wiki/Nathan_Buckley	Nathan Buckley
/wiki/Andrew_Swallow	Andrew Swallow
/wiki/Don_Kemp	Don Kemp
/wiki/Matthew_Richardson_(footballer)	Matthew Richardson 
/wiki/Justin_Leppitsch	Leppitsch
/wiki/Andrew_Schauble	Schauble
/wiki/Matthew_Carr	Carr
/wiki/Shane_Woewodin	Shane Woewodin
/wiki/Michael_Gardiner	Gardiner
/wiki/John_Dugdale_(footballer)	John Dugdale 
/wiki/David_Muir_(Australian_rules_footballer)	David Muir
/wiki/Matthew_Lloyd	Matthew Lloyd
/wiki/Peter_Matera	Matera
/wiki/Jarrad_Schofield	Jarrad Schofield
/wiki/Robert_Harvey_(footballer)	Robert Harvey 
/wiki/Jarrad_Schofield	Schofield
/wiki/Phil_Gilbert	Phil
/wiki/Jason_Akermanis	Akermanis
/wiki/Matthew_Richardson_(footballer)	Richardson
/wiki/David_Sierakowski	Sierakowski
/wiki/Winston_Abraham	Winston
/wiki/Kym_Hodgeman	Hodgeman
/wiki/Wayne_Carey	Wayne Carey
/wiki/Wayne_Campbell	Campbell
/wiki/Shannon_Grant	Shannon
/wiki/Aaron_Sandilands	Aaron Sandilands
/wiki/Bill_Serong	Bill
/wiki/Paul_Barnard	Paul Barnard
/wiki/Jarrad_Schofield	Jarrad
/wiki/Chris_Groom	Chris Groom
/wiki/Brady_Rawlings	Brady Rawlings
/wiki/Matthew_Pavlich	Matthew Pavlich
/wiki/Don_Condon	Don Condon
/wiki/Luke_Toia	Luke
/wiki/Kingsley_Hunter	Hunter
/wiki/Garry_Lyon	Garry Lyon
/wiki/James_Hird	James
/wiki/Stephen_Silvagni	Stephen Silvagni
/wiki/Marcus_Ashcroft	Marcus
/wiki/Ryan_Crowley	Ryan Crowley
/wiki/Glen_Jakovich	Jakovich
/wiki/Clive_Waterhouse	Clive
/wiki/Greg_Harding	Greg
/wiki/Ross_Glendinning	Glendinning
/wiki/Gavin_Mitchell_(footballer)	Mitchell
/wiki/Wally_Carter	Carter
/wiki/Mark_Bickley	Bickley
/wiki/Bryan_Martyn	Martyn
/wiki/David_Muir_(Australian_rules_footballer)	Muir
/wiki/Gavin_Wanganeen	Gavin
/wiki/Ashley_McIntosh	Ashley McIntosh
/wiki/Glenn_Archer	Glenn Archer
/wiki/Mark_Mercuri	Mark Mercuri
/wiki/Brendan_Krummel	Krummel
/wiki/David_Mundy	David Mundy
/wiki/Dermott_Brereton	Dermott
/wiki/Josh_Carr	Josh Carr
/wiki/Jock_Cordner	Jock Cordner
/wiki/Daniel_Bandy	Daniel
/wiki/Barry_Cable	Barry Cable
/wiki/Adam_Goodes	Goodes
/wiki/Jock_McCorkell	McCorkell
/wiki/Jason_Norrish	Norrish
/wiki/Craig_Callaghan	Callaghan
/wiki/Todd_Goldstein	Todd Goldstein
/wiki/Damian_Drum	Drum
/wiki/Luke_Darcy	Darcy
/wiki/Phillip_Matera	Phillip
/wiki/Jim_Krakouer	Krakouer
/wiki/Mark_Roberts_(Australian_footballer)	Roberts
/wiki/Kingsley_Hunter	Kingsley Hunter
/wiki/Gerard_Neesham	Gerard
/wiki/Craig_Burrows	Craig Burrows
/wiki/Peter_Mann	Mann
/wiki/Paul_Symmons	Symmons
/wiki/Bill_Findlay	Bill Findlay
/wiki/Leo_Barry	Leo Barry
/wiki/Troy_Cook	Troy
/wiki/Shaun_McManus	McManus
/wiki/Steven_King_(footballer)	Steven
/wiki/Dean_Laidley	Dean Laidley
/wiki/Garry_Lyon	Garry
/wiki/Warren_Tredrea	Warren
/wiki/Scott_West	West
/wiki/Mark_Gale	Mark
/wiki/Wally_Carter	Wally Carter
/wiki/Noel_Teasdale	Noel
/wiki/Tony_Delaney	Delaney
/wiki/Nathan_Burke	Burke
/wiki/Matthew_Larkin	Larkin
/wiki/Darren_Gaspar	Darren Gaspar
/wiki/Robert_Wiley	Wiley
/wiki/Brett_Kirk	Brett
/wiki/Leo_Barry	Leo
/wiki/Jim_Adamson	Jim Adamson
/wiki/Gary_Dhurrkay	Dhurrkay
/wiki/Les_Foote	Les
/wiki/Chris_Judd	Chris
/wiki/Scott_Chisholm_(footballer)	Chisholm
/wiki/Matthew_Capuano	Capuano
/wiki/Scott_Cummings	Scott Cummings
/wiki/Brady_Rawlings	Brady
/wiki/Chris_Groom	Groom
/wiki/David_Dench	David Dench
/wiki/David_Dench	David
/wiki/Corey_McKernan	Corey
/wiki/Anthony_Rock	Rock
/wiki/Bob_Brooker	Bob
/wiki/Marcus_Ashcroft	Marcus Ashcroft
/wiki/Drew_Banfield	Banfield
/wiki/Scott_West	Scott West
/wiki/Allen_Aylett	Aylett
/wiki/Leigh_Matthews	Leigh
/wiki/John_Longmire	John Longmire
/wiki/Jason_Akermanis	Jason Akermanis
/wiki/Jade_Rawlings	Jade
/wiki/Mark_Gale	Gale
/wiki/Nathan_Fyfe	Nathan Fyfe
/wiki/Cameron_Mooney	Cameron
/wiki/Daniel_McPherson	Daniel McPherson
/wiki/Dermott_Brereton	Dermott Brereton
/wiki/Les_Foote	Les Foote
/wiki/Malcolm_Blight	Malcolm Blight
/wiki/Peter_Burgoyne	Peter Burgoyne
/wiki/Aaron_Sandilands	Aaron
/wiki/Michael_Prior	Michael Prior
/wiki/Bill_Findlay	Findlay
/wiki/Winston_Abraham	Abraham
/wiki/Jamie_Merillo	Jamie
/wiki/Anthony_Rock	Anthony
/wiki/Lenny_Hayes	Lenny Hayes
/wiki/Jarrod_Molloy	Jarrod
/wiki/Bryan_Martyn	Bryan
/wiki/Nigel_Lappin	Lappin
/wiki/Ben_Cousins	Ben Cousins
/wiki/Luke_Toia	Toia
/wiki/Adrian_Fletcher	Adrian
/wiki/Wayne_Campbell	Wayne Campbell
/wiki/Nathan_Burke	Nathan Burke
/wiki/Matthew_Allan	Matthew Allan
/wiki/Andrew_McKay	McKay
/wiki/Peter_R._Bell	Bell
/wiki/Phillip_Matera	Phillip Matera
/wiki/Robert_Murphy_(footballer)	Robert Murphy 
/wiki/Glenn_Freeborn	Glenn Freeborn
/wiki/Tony_Delaney	Tony
/wiki/David_Dench	Dench
/wiki/Mark_Roberts_(Australian_footballer)	Mark Roberts 
/wiki/Jim_Krakouer	Jim Krakouer
/wiki/John_Longmire	Longmire
/wiki/Josh_Carr	Josh
/wiki/Peter_R._Bell	Peter R. Bell
/wiki/Chris_Waterman	Waterman
/wiki/Dermott_Brereton	Brereton
/wiki/Nicky_Winmar	Nicky Winmar
/wiki/Greg_Harding	Harding
/wiki/Bryan_Martyn	Bryan Martyn
/wiki/Andrew_McKay	Andrew
/wiki/Daniel_Wells_(footballer)	Wells
/wiki/Brett_Kirk	Brett Kirk
/wiki/Brad_Johnson_(Australian_rules_footballer)	Brad Johnson
/wiki/David_Muir_(Australian_rules_footballer)	David Muir 
/wiki/Gavin_Mitchell_(footballer)	Gavin Mitchell 
/wiki/Shane_Woewodin	Woewodin
/wiki/Lenny_Hayes	Lenny
/wiki/Scott_Chisholm_(footballer)	Scott Chisholm
/wiki/Byron_Pickett	Pickett
/wiki/Adam_Simpson	Simpson
/wiki/Paul_Barnard	Barnard
/wiki/Brad_Wira	Brad Wira
/wiki/Adam_Simpson	Adam Simpson
/wiki/Malcolm_Blight	Malcolm
/wiki/Ryan_Turnbull	Ryan Turnbull
/wiki/Chad_Fletcher	Chad Fletcher
/wiki/Scott_West	Scott
/wiki/Nicky_Winmar	Winmar
