/wiki/Paul_Delprat	Delprat
/wiki/William_Hardy_Wilson	Wilson
/wiki/William_Kelynack	Rev Dr William Kelynack
/wiki/Julian_Ashton	The Julian Ashton Art School
/wiki/Phillip_Dutton	Phillip
/wiki/Richard_Thompson_(Australian_parliamentarian)	Richard Thompson 
/wiki/Douglas_Trathen	Trathen
/wiki/Alan_Loxton	Alan Loxton
/wiki/Bob_Baxt	Baxt
/wiki/Alan_McGilvray	Alan McGilvray
/wiki/Philip_Le_Couteur	Philip Le Couteur
/wiki/Carleton_Allen	Carleton Allen
/wiki/Herb_Barker	Herb Barker
/wiki/Percival_Halse_Rogers	Halse
/wiki/Ian_Clunies_Ross	Ian
/wiki/Charles_Prescott	Charles Prescott
/wiki/Angus_Talbot	Angus
/wiki/Leycester_Meares	Leycester
/wiki/Stephen_Rae_(composer)	Stephen
/wiki/Stephen_Rae_(composer)	Stephen Rae
/wiki/Graham_Colditz	Colditz
/wiki/Samuel_Wilkinson_Moore	Wilkinson
/wiki/Murray_Robson	Murray Robson
/wiki/Frank_Hinder	Hinder
/wiki/Alex_Rigby	Rigby
/wiki/Leycester_Meares	Meares
/wiki/Gary_Knoke	Knoke
/wiki/Herb_Barker	Herb
/wiki/Jim_Service	Service
/wiki/Patrick_Cook	Cook
/wiki/Henry_Budden	Henry Budden
/wiki/Joseph_Horner_Fletcher	Rev Joseph Horner Fletcher
/wiki/Antonio_Dattilo_Rubbo	Antonio Dattilo Rubbo
/wiki/Fred_Kirkham	Fred
/wiki/Robert_Webster_(politician)	Robert Webster 
/wiki/Patrick_Cook	Patrick Cook
/wiki/Mervyn_Austin	Mervyn Austin
/wiki/Philip_Le_Couteur	Philip
/wiki/George_Wigram_Allen	Wigram
/wiki/David_Scott_(headmaster)	David Scott
/wiki/Mervyn_Horton	Mervyn Horton
/wiki/Gary_Knoke	Gary Knoke
/wiki/Joseph_Horner_Fletcher	Joseph Horner Fletcher
/wiki/Percival_Halse_Rogers	Rogers
/wiki/Max_Solling	Max Solling
/wiki/James_Egan_Moulton	James
/wiki/Michael_Morgan_(rower)	Michael
/wiki/Alfred_Warden	Alfred Warden
/wiki/Chris_Mort	Chris
/wiki/Nick_Farr-Jones	Farr-Jones
/wiki/Angus_Talbot	The Hon. Justice Angus Talbot
/wiki/Henry_Budden	Henry
/wiki/Robert_Webster_(politician)	Webster
/wiki/Cecil_Purser	Purser
/wiki/Cecil_Purser	Cecil Purser
/wiki/Alan_Loxton	Loxton
/wiki/Samuel_Wilkinson_Moore	The Hon. Samuel Moore MLA
/wiki/Thomas_Rowe	Thomas
/wiki/Stephen_Rae_(composer)	Rae
/wiki/Paul_Delprat	Paul Delprat
/wiki/Samuel_Wilkinson_Moore	Moore
/wiki/Colin_Laverty	Colin Laverty
/wiki/Sandy_Phillips	Phillips
/wiki/Roger_Gyles	Roger
/wiki/David_Manton	David Manton
/wiki/Richard_Thompson_(Australian_parliamentarian)	The Hon. Richard Thompson MLC
/wiki/Talbot_Duckmanton	Duckmanton
/wiki/Gustavus_Athol_Waterhouse	Gustavus Athol Waterhouse
/wiki/Percival_Halse_Rogers	Sir Percival Halse Rogers
/wiki/Keith_Jones_(surgeon)	Keith
/wiki/Herb_Barker	Barker
/wiki/Carleton_Allen	Allen
/wiki/Paul_Delprat	Paul
/wiki/George_Wigram_Allen	George
/wiki/Sandy_Pearson	Sandy
/wiki/William_Tasker	William Tasker
/wiki/Robert_Webster_(politician)	Robert Webster
/wiki/John_Carter_(endocrinologist)	John Carter
/wiki/Ernest_Duncan	Duncan
/wiki/Anthony_Carwardine	Anthony Carwardine
/wiki/James_Egan_Moulton	Rev James Egan Moulton
/wiki/Chris_Mort	Mort
/wiki/Joseph_Coates	Joseph
/wiki/Arthur_Henry_Shakespeare_Lucas	Shakespeare
/wiki/Alfred_Warden	Alfred
/wiki/Marshall_Hatch	Hatch
/wiki/Angus_Talbot	Angus Talbot
/wiki/Somerset_Lowry-Corry,_4th_Earl_Belmore	Somerset
/wiki/John_Manton	John
/wiki/Talbot_Duckmanton	Talbot Duckmanton
/wiki/James_Egan_Moulton	Egan
/wiki/Percy_Colquhoun	Colquhoun
/wiki/William_Tasker	Tasker
/wiki/Stephen_Wilson_(athlete)	Stephen Wilson
/wiki/Frank_Hinder	Frank
/wiki/Samuel_McCaughey	Samuel
/wiki/Colin_Laverty	Colin
/wiki/Alan_Loxton	Alan
/wiki/William_Tasker	William
/wiki/William_Kelynack	William Kelynack
/wiki/William_Henry_Williams	William Williams
/wiki/Henry_Budden	Henry Budden CBE
/wiki/Michael_Morgan_(rower)	Michael Morgan 
/wiki/John_Blaxland	John Blaxland
/wiki/Thomas_Griffith_Taylor	Thomas Griffith Taylor
/wiki/Thomas_Millner	Millner
/wiki/Anthony_Carwardine	Carwardine
/wiki/Neville_Perkins	Neville
/wiki/Antonio_Dattilo_Rubbo	Rubbo
/wiki/Walter_George_Woolnough	Woolnough
/wiki/Richard_Thomas_Baker	Baker
/wiki/Gary_Knoke	Gary
/wiki/Iven_Mackay	Iven
/wiki/Gustavus_Athol_Waterhouse	Gustavus
/wiki/Ian_Clunies_Ross	Clunies
/wiki/David_Manton	David
/wiki/Arthur_Henry_Shakespeare_Lucas	Arthur
/wiki/John_Waterhouse_(headmaster)	John Waterhouse 
/wiki/Joseph_Horner_Fletcher	Horner
/wiki/Ernest_Duncan	Ernest
/wiki/Percival_Halse_Rogers	Percival
/wiki/Antonio_Dattilo_Rubbo	Antonio
/wiki/Max_Solling	Solling
/wiki/Thomas_Rowe	Thomas Rowe
/wiki/John_Turtle	Turtle
/wiki/Thomas_Griffith_Taylor	Taylor
/wiki/Johnny_Taylor_(cricketer)	Johnny
/wiki/Arthur_Henry_Shakespeare_Lucas	Arthur Lucas
/wiki/Julian_Ashton	Julian
/wiki/Garry_Downes	Garry Downes
/wiki/Tony_Rae	Tony Rae
/wiki/John_Manton	John Manton
/wiki/Patrick_Cook	Patrick
/wiki/Mervyn_Horton	Mervyn
/wiki/Douglas_Trathen	Douglas Trathen
/wiki/William_Hardy_Wilson	Hardy
/wiki/William_Kelynack	Kelynack
/wiki/James_Egan_Moulton	Moulton
/wiki/Joseph_James_Fletcher	Joseph James Fletcher
/wiki/Graham_Colditz	Graham
/wiki/Ernest_Duncan	Dr Ernest Duncan
/wiki/Philip_Le_Couteur	Couteur
/wiki/Ernest_Duncan	Ernest Duncan
/wiki/Somerset_Lowry-Corry,_4th_Earl_Belmore	Lowry-Corry
/wiki/John_Carter_(endocrinologist)	John Carter 
/wiki/Robert_Webster_(politician)	Robert
/wiki/Garth_Barraclough	Garth
/wiki/John_Waterhouse_(headmaster)	John Waterhouse
/wiki/Nick_Farr-Jones	Nick
/wiki/Michael_Morgan_(rower)	Michael Morgan
/wiki/Garry_Downes	Garry
/wiki/Graham_Colditz	Graham Colditz
/wiki/Warren_Pearson	Warren
/wiki/Mervyn_Horton	Horton
/wiki/Bob_Baxt	Bob
/wiki/Nick_Farr-Jones	Nick Farr-Jones AM
/wiki/William_Henry_Williams	William Henry Williams
/wiki/Michael_Morgan_(rower)	Michael Morgan OAM
/wiki/Keith_Jones_(surgeon)	Keith Jones
/wiki/Gustavus_Athol_Waterhouse	Athol
/wiki/Samuel_McCaughey	Sir Samuel McCaughey
/wiki/James_Egan_Moulton	Rev Dr James Egan Moulton
/wiki/Phillip_Dutton	Phillip Dutton
/wiki/Thomas_Bavin	Thomas Bavin
/wiki/Anthony_Carwardine	Anthony
/wiki/Joseph_Coates	Coates
/wiki/Carleton_Allen	Carleton
/wiki/Carl_Glasgow	Carl
/wiki/John_Waterhouse_(headmaster)	Waterhouse
/wiki/Samuel_McCaughey	McCaughey
/wiki/Henry_Budden	Budden
/wiki/Colin_Laverty	Laverty
/wiki/Alfred_Warden	Warden
/wiki/Johnny_Taylor_(cricketer)	Johnny Taylor 
/wiki/Frank_Hinder	Frank Hinder
/wiki/Leslie_Holdsworth_Allen	Leslie Allen
/wiki/Roger_Gyles	Gyles
/wiki/Richard_Thomas_Baker	Richard Thomas Baker
/wiki/Leslie_Holdsworth_Allen	Holdsworth
/wiki/Leslie_Holdsworth_Allen	Leslie Holdsworth Allen
/wiki/Neville_Perkins	Neville Perkins
/wiki/Horace	Horace
/wiki/Garth_Barraclough	Garth Barraclough
/wiki/Fred_Kirkham	Fred Kirkham
/wiki/Somerset_Lowry-Corry,_4th_Earl_Belmore	Somerset Lowry-Corry
/wiki/Keith_Jones_(surgeon)	Keith Jones 
/wiki/Cecil_Purser	Dr Cecil Purser
/wiki/Keith_Jones_(surgeon)	Sir Keith Jones
/wiki/Julian_Ashton	Ashton
/wiki/Antonio_Dattilo_Rubbo	Dattilo
/wiki/Mervyn_Austin	Austin
/wiki/James_Egan_Moulton	James Egan Moulton
/wiki/Arthur_Henry_Shakespeare_Lucas	Arthur Henry Shakespeare Lucas
/wiki/Chris_Mort	Chris Mort
/wiki/Roger_Gyles	Roger Gyles
/wiki/Johnny_Taylor_(cricketer)	Johnny Taylor
/wiki/Thomas_Bavin	Sir Thomas Bavin
/wiki/Marshall_Hatch	Marshall
/wiki/Alan_McGilvray	McGilvray
/wiki/Percy_Colquhoun	Percy Colquhoun MLA
/wiki/Murray_Robson	Murray
/wiki/Thomas_Griffith_Taylor	Griffith
/wiki/Talbot_Duckmanton	Talbot
/wiki/Ian_Clunies_Ross	Ross
/wiki/Sandy_Phillips	Sandy Phillips
/wiki/Joseph_James_Fletcher	Fletcher
/wiki/Fred_Kirkham	His Honour Judge Fred Kirkham
/wiki/Tony_Rae	Tony
/wiki/Fred_Kirkham	Kirkham
/wiki/Cecil_Purser	Cecil
/wiki/Warren_Pearson	Warren Pearson
/wiki/Philip_Le_Couteur	Le
/wiki/Richard_Thomas_Baker	Richard
/wiki/William_Hardy_Wilson	William Hardy Wilson
/wiki/Samuel_Wilkinson_Moore	Samuel Wilkinson Moore
/wiki/Sandy_Pearson	Sandy Pearson
/wiki/Thomas_Millner	Thomas Millner
/wiki/Douglas_Trathen	Douglas
/wiki/Walter_George_Woolnough	Walter George Woolnough
/wiki/Richard_Thompson_(Australian_parliamentarian)	Thompson
/wiki/Jim_Service	Jim Service
/wiki/Joseph_Coates	Joseph Coates
/wiki/Thomas_Rowe	Rowe
/wiki/Percy_Colquhoun	Percy Colquhoun
/wiki/Neville_Perkins	Perkins
/wiki/Carl_Glasgow	Glasgow
/wiki/William_Henry_Williams	Williams
/wiki/Samuel_McCaughey	Samuel McCaughey
/wiki/Percy_Colquhoun	Percy
/wiki/David_Manton	Manton
/wiki/Ian_Clunies_Ross	Clunies Ross
/wiki/Max_Solling	Max
/wiki/Charles_Prescott	Rev Dr Charles Prescott
/wiki/John_Blaxland	Blaxland
/wiki/Garth_Barraclough	Garth Barraclough OBE
/wiki/Garry_Downes	Downes
/wiki/David_Scott_(headmaster)	David Scott 
/wiki/Leslie_Holdsworth_Allen	Leslie
/wiki/Walter_George_Woolnough	Walter
/wiki/Bob_Baxt	Bob Baxt
/wiki/Marshall_Hatch	Marshall Hatch
/wiki/George_Wigram_Allen	George Wigram Allen
/wiki/Keith_Jones_(surgeon)	Jones
/wiki/Stephen_Rae_(composer)	Stephen Rae 
/wiki/Alex_Rigby	Alex
/wiki/Arthur_Henry_Shakespeare_Lucas	Lucas
/wiki/Douglas_Trathen	Rev Douglas Trathen
/wiki/Carl_Glasgow	Carl Glasgow
/wiki/Thomas_Bavin	Bavin
/wiki/Murray_Robson	Robson
/wiki/Garth_Barraclough	Barraclough
/wiki/Warren_Pearson	Pearson
/wiki/John_Turtle	John Turtle
/wiki/Leycester_Meares	Leycester Meares
/wiki/Michael_Morgan_(rower)	Morgan
/wiki/Jim_Service	Jim
/wiki/Charles_Prescott	Prescott
/wiki/Alfred_Warden	Lt Col Alfred Warden VD
/wiki/Ian_Clunies_Ross	Ian Clunies Ross
/wiki/Iven_Mackay	Iven Mackay
/wiki/Iven_Mackay	Mackay
/wiki/John_Carter_(endocrinologist)	Carter
/wiki/John_Manton	Rev John Manton
/wiki/Charles_Prescott	Charles
/wiki/Walter_George_Woolnough	Walter Woolnough
/wiki/Carl_Glasgow	Carl Glasgow MLA
/wiki/Julian_Ashton	Julian Ashton
/wiki/David_Scott_(headmaster)	Scott
/wiki/Nick_Farr-Jones	Nick Farr-Jones
/wiki/Percival_Halse_Rogers	Percival Halse Rogers
/wiki/Alex_Rigby	Alex Rigby
/wiki/Stephen_Wilson_(athlete)	Stephen Wilson 
/wiki/Phillip_Dutton	Dutton
