/wiki/Phil_Jackson	Jackson
/wiki/Gerald_Fitch	Gerald
/wiki/Richie_Dalmau	Richie Dalmau
/wiki/Peter_John_Ramos	John
/wiki/Raymond_Dalmau	Dalmau
/wiki/Christian_Dalmau	Christian Dalmau
/wiki/Christian_Dalmau	Christian
/wiki/Raymond_Dalmau	Raymond
/wiki/Shawn_Redhage	Shawn
/wiki/Peter_John_Ramos	Ramos
/wiki/Shawn_Redhage	Shawn Redhage
/wiki/Carlos_Arroyo	Carlos Arroyo
/wiki/Carlos_Arroyo	Arroyo
/wiki/Gerald_Fitch	Gerald Fitch
/wiki/Phil_Jackson	Phil
/wiki/Orlando_Vega	Orlando
/wiki/Phil_Jackson	Phil Jackson
/wiki/Orlando_Vega	Vega
/wiki/Orlando_Vega	Orlando Vega
/wiki/Ricardo_Dalmau	Ricardo
/wiki/Ricardo_Dalmau	Ricardo Dalmau
/wiki/Carlos_Arroyo	Carlos
/wiki/Shawn_Redhage	Redhage
/wiki/Gerald_Fitch	Fitch
/wiki/Raymond_Dalmau	Raymond Dalmau
/wiki/Richie_Dalmau	Richie
/wiki/Peter_John_Ramos	Peter John Ramos
/wiki/Peter_John_Ramos	Peter
