/wiki/Greg_Litton	Greg Litton
/wiki/Ron_Stallworth	Stallworth
/wiki/Justin_Gatlin	Justin
/wiki/Reggie_Evans	Evans
/wiki/Ron_Stallworth	Ron Stallworth
/wiki/Justin_Gatlin	Justin Gatlin
/wiki/Calvin_Smith	Smith
/wiki/Calvin_Smith	Calvin
/wiki/Calvin_Smith	Calvin Smith
/wiki/Greg_Litton	Litton
/wiki/Ron_Stallworth	Ron
/wiki/Hosken_Powell	Hosken Powell
/wiki/Greg_Litton	Greg
/wiki/Tyronne_Green	Green
/wiki/Hosken_Powell	Hosken
/wiki/Tyronne_Green	Tyronne
/wiki/Justin_Gatlin	Gatlin
/wiki/Reggie_Evans	Reggie Evans
/wiki/Reggie_Evans	Reggie
/wiki/Hosken_Powell	Powell
/wiki/Tyronne_Green	Tyronne Green
