/wiki/Matt_Kindt	Matt
/wiki/Geomancers_(comics)	Geomancers 
/wiki/Magnus,_Robot_Fighter	Magnus
/wiki/Matt_Kindt	Matt Kindt
/wiki/Robert_Venditti	Robert
/wiki/Jim_Shooter	Jim
/wiki/Toyo_Harada	Toyo Harada
/wiki/Mark_Waid	Mark
/wiki/Brian_Augustyn	Brian
/wiki/Turok	Turok
/wiki/Scot_Eaton	Scot
/wiki/Mothergod	Mothergod
/wiki/Brian_Augustyn	Augustyn
/wiki/Mark_Waid	Mark Waid
/wiki/Scot_Eaton	Scot Eaton
/wiki/Alaric_I	Alaric
/wiki/Elvis_Presley	Elvis Presley
/wiki/Eternal_Warrior	Wrath of the Eternal Warrior
/wiki/Dwayne_McDuffie	McDuffie
/wiki/Shadowman_(comics)	Shadowman
/wiki/Eternal_Warrior	Warrior
/wiki/Cary_Nord	Cary
/wiki/Elvis_Presley	Elvis
/wiki/Eternal_Warrior	Eternal
/wiki/Mark_Waid	Waid
/wiki/Shadowman_(comics)	Shadowman 
/wiki/Geomancers_(comics)	Geomancers
/wiki/Joe_Quesada	Joe
/wiki/Robert_Venditti	Venditti
/wiki/Elvis_Presley	Presley
/wiki/Eternal_Warrior	Eternal Warrior: Days of Steel
/wiki/Cary_Nord	Cary Nord
/wiki/Joe_Quesada	Quesada
/wiki/Joe_Quesada	Joe Quesada
/wiki/Cary_Nord	Nord
/wiki/Solar_(comics)	Solar
/wiki/The_Second_Life_of_Dr._Mirage	The Second Life of Dr. Mirage
/wiki/Alaric_I	I
/wiki/Jim_Shooter	Shooter
/wiki/Jim_Shooter	Jim Shooter
/wiki/Matt_Kindt	Kindt
/wiki/Scot_Eaton	Eaton
/wiki/Bob_Layton	Bob
/wiki/Brian_Augustyn	Brian Augustyn
/wiki/Fabian_Nicieza	Fabian Nicieza
/wiki/Eternal_Warrior	Eternal Warrior
/wiki/Shadowman_(comics)	Shadowman: End Times
/wiki/Eternal_Warrior	Eternal Warriors
/wiki/Bloodshot_(comics)	Bloodshot Reborn
/wiki/The_Second_Life_of_Dr._Mirage	The Death Defying Dr. Mirage: Second Lives
/wiki/Fabian_Nicieza	Nicieza
/wiki/Toyo_Harada	Harada
/wiki/Toyo_Harada	Toyo
/wiki/Fabian_Nicieza	Fabian
/wiki/Bob_Layton	Layton
/wiki/Robert_Venditti	Robert Venditti
/wiki/Alaric_I	Alaric I
/wiki/Bob_Layton	Bob Layton
/wiki/Dwayne_McDuffie	Dwayne McDuffie
/wiki/Bloodshot_(comics)	Bloodshot
/wiki/Bloodshot_(comics)	Bloodshot 
/wiki/Timewalker	Timewalker
/wiki/Dwayne_McDuffie	Dwayne
/wiki/The_Second_Life_of_Dr._Mirage	The Death Defying Dr. Mirage
/wiki/Solar_(comics)	Solar 
