/wiki/Quintin_McMillan	Quintin McMillan
/wiki/Maurice_Tate	Maurice Tate
/wiki/Ken_Viljoen	Ken Viljoen
/wiki/Cyril_Vincent	Cyril
/wiki/Maurice_Tate	Tate
/wiki/Cyril_Vincent	Cyril Vincent
/wiki/Bob_Newson	Bob
/wiki/Bob_Newson	Newson
/wiki/Ken_Viljoen	Ken
/wiki/Donald_Bradman	Donald Bradman
/wiki/Ken_Viljoen	Viljoen
/wiki/Jock_Cameron	Jock Cameron
/wiki/Louis_Duffus	Louis
/wiki/Louis_Duffus	Louis Duffus
/wiki/Louis_Duffus	Duffus
/wiki/Cyril_Vincent	Vincent
/wiki/Bob_Newson	Bob Newson
/wiki/Quintin_McMillan	Quintin
/wiki/Maurice_Tate	Maurice
/wiki/Quintin_McMillan	McMillan
/wiki/Donald_Bradman	Donald
/wiki/Jock_Cameron	Cameron
/wiki/Donald_Bradman	Bradman
/wiki/Jock_Cameron	Jock
