/wiki/Steve_Yeowell	Steve Yeowell
/wiki/Steve_White_(comics)	Steve White 
/wiki/Ian_Edginton	Ian
/wiki/Alexander_C._Irvine	C.
/wiki/Red_Razors	Red Razors
/wiki/Grant_Morrison	Grant
/wiki/Michael_Carroll_(author)	Carroll
/wiki/Judge_Dredd	Dredd
/wiki/Randy_Emberlin	Emberlin
/wiki/Mark_Millar	Mark
/wiki/John_Wagner	John Wagner
/wiki/Alexander_C._Irvine	Alexander C. Irvine
/wiki/Mark_Millar	Mark Millar
/wiki/Randy_Emberlin	Randy
/wiki/Randy_Emberlin	Randy Emberlin
/wiki/Steve_White_(comics)	White
/wiki/John_Wagner	John
/wiki/Red_Razors	Red
/wiki/Robbie_Morrison	Morrison
/wiki/Bryan_Talbot	Talbot
/wiki/Michael_Carroll_(author)	Michael Carroll
/wiki/Dan_Abnett	Abnett
/wiki/Robbie_Morrison	Robbie Morrison
/wiki/Batman	Batman
/wiki/Dan_Abnett	Dan
/wiki/Galen_DeMarco	Galen DeMarco
/wiki/Alan_Grant_(writer)	Alan
/wiki/Alexander_C._Irvine	Irvine
/wiki/Steve_White_(comics)	Steve White
/wiki/Dave_Stone	Dave
/wiki/Grant_Morrison	Grant Morrison
/wiki/Danny_Boyle	Danny
/wiki/John_Higgins_(comics)	John Higgins 
/wiki/Judge_Dredd	Judge
/wiki/Neil_Gaiman	Gaiman
/wiki/Judge_Dredd	Judge Dredd
/wiki/Alexander_C._Irvine	Alexander
/wiki/Neil_Gaiman	Neil Gaiman
/wiki/Bryan_Talbot	Bryan
/wiki/Dave_Stone	Stone
/wiki/Alan_Grant_(writer)	Alan Grant 
/wiki/Robbie_Morrison	Robbie
/wiki/John_Higgins_(comics)	Higgins
/wiki/Michael_Carroll_(author)	Michael
/wiki/Danny_Boyle	Boyle
/wiki/Michael_Carroll_(author)	Michael Carroll 
/wiki/David_Lloyd_(comics)	David Lloyd
/wiki/Bryan_Talbot	Bryan Talbot
/wiki/David_Bishop	David
/wiki/Galen_DeMarco	DeMarco
/wiki/John_Higgins_(comics)	John Higgins
/wiki/Steve_Moore_(comics)	Steve Moore 
/wiki/Eric_Luke	Eric Luke
/wiki/Ian_Edginton	Ian Edginton
/wiki/Mark_Millar	Millar
/wiki/Steve_Moore_(comics)	Steve Moore
/wiki/Dave_Stone	Dave Stone
/wiki/Neil_Gaiman	Neil
/wiki/Steve_Moore_(comics)	Moore
/wiki/Dan_Abnett	Dan Abnett
/wiki/David_Bishop	David Bishop
/wiki/Danny_Boyle	Danny Boyle
/wiki/John_Wagner	Wagner
/wiki/David_Bishop	Bishop
/wiki/Steve_Yeowell	Steve
/wiki/Alan_Grant_(writer)	Alan Grant
/wiki/Steve_Yeowell	Yeowell
/wiki/Galen_DeMarco	Galen
/wiki/David_Lloyd_(comics)	Lloyd
/wiki/Eric_Luke	Luke
/wiki/Red_Razors	Razors
/wiki/Ian_Edginton	Edginton
/wiki/Eric_Luke	Eric
/wiki/David_Lloyd_(comics)	David Lloyd 
