/wiki/Bill_Smith_(Motorola_engineer)	Smith
/wiki/Roland_W._Schmitt	Roland
/wiki/James_Hillier	James Hillier
/wiki/Simon_Ramo	Simon Ramo
/wiki/Eric_Schmidt	Eric Schmidt
/wiki/Elmer_William_Engstrom	William
/wiki/David_Packard	David Packard
/wiki/Bill_Smith_(Motorola_engineer)	Bill Smith
/wiki/Raymond_A._Heising	Raymond A. Heising
/wiki/Donald_G._Fink	G.
/wiki/Norman_R._Augustine	Norman R. Augustine
/wiki/Jack_Welch	Jack
/wiki/David_Packard	Packard
/wiki/James_Hillier	James
/wiki/Roland_W._Schmitt	Schmitt
/wiki/Haraden_Pratt	Haraden Pratt
/wiki/F._C._Kohli	Kohli
/wiki/Gordon_Moore	Gordon
/wiki/Norman_R._Augustine	R.
/wiki/Thomas_Eugene_Everhart	Thomas
/wiki/Gordon_Moore	Moore
/wiki/Roland_W._Schmitt	W.
/wiki/F._C._Kohli	F. C. Kohli
/wiki/Donald_G._Fink	Fink
/wiki/Patrick_E._Haggerty	Haggerty
/wiki/Akio_Morita	Morita
/wiki/Andrew_McNaughton	McNaughton
/wiki/Steven_Sample	Steven
/wiki/Paul_E._Gray	Paul
/wiki/Ken_Olsen	Olsen
/wiki/George_H._Heilmeier	George
/wiki/Jerome_Wiesner	Jerome
/wiki/Jack_Welch	Jack Welch
/wiki/Erich_Bloch	Erich Bloch
/wiki/Joseph_M._Pettit	M.
/wiki/Donald_G._Fink	Donald G. Fink
/wiki/Paul_Galvin_(businessman)	Paul Galvin
/wiki/Joseph_M._Pettit	Joseph
/wiki/Alfred_Norton_Goldsmith	Alfred
/wiki/Alfred_Norton_Goldsmith	Norton
/wiki/Thomas_Eugene_Everhart	Eugene
/wiki/Ken_Olsen	Ken
/wiki/Patrick_E._Haggerty	E.
/wiki/Gordon_Moore	Gordon Moore
/wiki/Steven_Sample	Steven Sample
/wiki/Leo_Beranek	Leo
/wiki/Joseph_M._Pettit	Pettit
/wiki/James_Hillier	Hillier
/wiki/Robert_A._Frosch	Robert A. Frosch
/wiki/Walter_Ransom_Gail_Baker	Walter Ransom Gail Baker
/wiki/Paul_E._Gray	Gray
/wiki/Akio_Morita	Akio Morita
/wiki/Walter_Ransom_Gail_Baker	Baker
/wiki/Bill_Smith_(Motorola_engineer)	Bill
/wiki/Ken_Olsen	Ken Olsen
/wiki/David_Sarnoff	David
/wiki/Dorian_Shainin	Dorian Shainin
/wiki/Roland_W._Schmitt	Roland W. Schmitt
/wiki/Elmer_William_Engstrom	Engstrom
/wiki/Bob_Galvin	Bob
/wiki/Mildred_Dresselhaus	Mildred
/wiki/Erich_Bloch	Bloch
/wiki/F._C._Kohli	C.
/wiki/Paul_Galvin_(businessman)	Paul Galvin 
/wiki/Joseph_M._Pettit	Joseph M. Pettit
/wiki/Masaru_Ibuka	Masaru Ibuka
/wiki/George_H._Heilmeier	H.
/wiki/Andrew_McNaughton	Andrew McNaughton
/wiki/Eric_Schmidt	Eric
/wiki/Walter_Ransom_Gail_Baker	Ransom
/wiki/Leo_Beranek	Leo Beranek
/wiki/Simon_Ramo	Simon
/wiki/Harvey_Fletcher	Harvey
/wiki/Robert_A._Frosch	Robert
/wiki/Elmer_William_Engstrom	Elmer
/wiki/Ralph_Bown	Bown
/wiki/Akio_Morita	Akio
/wiki/Alfred_Norton_Goldsmith	Alfred Norton Goldsmith
/wiki/Ralph_Bown	Ralph Bown
/wiki/Thomas_Eugene_Everhart	Everhart
/wiki/Norman_R._Augustine	Norman
/wiki/Lawrence_A._Hyland	Lawrence
/wiki/Raymond_A._Heising	Heising
/wiki/Jerome_Wiesner	Jerome Wiesner
/wiki/Mildred_Dresselhaus	Dresselhaus
/wiki/Robert_D._McFadden	D.
/wiki/Eric_Schmidt	Schmidt
/wiki/George_H._Heilmeier	George H. Heilmeier
/wiki/Erich_Bloch	Erich
/wiki/Jerome_Wiesner	Wiesner
/wiki/Patrick_E._Haggerty	Patrick
/wiki/Simon_Ramo	Ramo
/wiki/Dorian_Shainin	Shainin
/wiki/George_H._Heilmeier	Heilmeier
/wiki/Patrick_E._Haggerty	Patrick E. Haggerty
/wiki/David_Sarnoff	David Sarnoff
/wiki/Harvey_Fletcher	Harvey Fletcher
/wiki/Paul_E._Gray	Paul E. Gray
/wiki/Harvey_Fletcher	Fletcher
/wiki/Masaru_Ibuka	Ibuka
/wiki/F._C._Kohli	F.
/wiki/Robert_A._Frosch	Frosch
/wiki/Ralph_Bown	Ralph
/wiki/Alfred_Norton_Goldsmith	Goldsmith
/wiki/Robert_D._McFadden	McFadden
/wiki/Walter_Ransom_Gail_Baker	Walter
/wiki/Raymond_A._Heising	Raymond
/wiki/Andrew_McNaughton	Andrew
/wiki/Robert_A._Frosch	A.
/wiki/Frederick_Terman	Terman
/wiki/Haraden_Pratt	Pratt
/wiki/Dorian_Shainin	Dorian
/wiki/Lawrence_A._Hyland	Lawrence A. Hyland
/wiki/Robert_D._McFadden	Robert D. McFadden
/wiki/Walter_Ransom_Gail_Baker	Gail
/wiki/Paul_Galvin_(businessman)	Galvin
/wiki/Ivan_A._Getting	Ivan A. Getting
/wiki/Ivan_A._Getting	Getting
/wiki/Elmer_William_Engstrom	Elmer William Engstrom
/wiki/Thomas_Eugene_Everhart	Thomas Eugene Everhart
/wiki/Frederick_Terman	Frederick Terman
/wiki/Frederick_Terman	Frederick
/wiki/Mildred_Dresselhaus	Mildred Dresselhaus
/wiki/Ivan_A._Getting	Ivan
/wiki/Bill_Smith_(Motorola_engineer)	Bill Smith 
/wiki/David_Sarnoff	Sarnoff
/wiki/Norman_R._Augustine	Augustine
/wiki/Haraden_Pratt	Haraden
/wiki/Masaru_Ibuka	Masaru
/wiki/Steven_Sample	Sample
/wiki/Leo_Beranek	Beranek
/wiki/Donald_G._Fink	Donald
/wiki/Jack_Welch	Welch
/wiki/Lawrence_A._Hyland	Hyland
