/wiki/Hugh_Conaghan	Conaghan
/wiki/Michael_Lipper	Michael Lipper
/wiki/Eugene_Timmons	Timmons
/wiki/Barry_Cogan_(politician)	Barry
/wiki/Jim_Fitzsimons	Jim
/wiki/Charlie_McCreevy	Charlie McCreevy
/wiki/Joe_Walsh_(Irish_politician)	Joe Walsh
/wiki/Justin_Keating	Keating
/wiki/John_Boland_(politician)	John Boland
/wiki/Michael_Keating_(Irish_politician)	Michael Keating
/wiki/Gerard_Brady	Gerard Brady
/wiki/Jack_Lynch	Jack Lynch
/wiki/Hugh_Conaghan	Hugh Conaghan
/wiki/John_Boland_(politician)	John Boland 
/wiki/Clement_Coughlan	Coughlan
/wiki/Michael_Woods_(politician)	Michael Woods 
/wiki/Tom_Leonard_(Irish_politician)	Leonard
/wiki/Joe_Walsh_(Irish_politician)	Joe Walsh 
/wiki/P._J._Morley	P. J. Morley
/wiki/Jack_Lynch	Jack
/wiki/James_Tully_(Irish_politician)	James
/wiki/Austin_Deasy	Deasy
/wiki/Michael_Lipper	Michael
/wiki/Dieter_Nohlen	Nohlen
/wiki/Gerard_Brady	Gerard
/wiki/Seamus_Costello	Seamus
/wiki/Justin_Keating	Justin Keating
/wiki/Liam_Cosgrave	Liam Cosgrave
/wiki/Barry_Cogan_(politician)	Cogan
/wiki/P._J._Morley	J.
/wiki/Liam_Cosgrave	Liam Cosgrave
/wiki/Myra_Barry	Myra Barry
/wiki/Kit_Ahern	Kit Ahern
/wiki/Liam_Burke	Liam
/wiki/Charlie_McCreevy	McCreevy
/wiki/Terry_Leyden	Terry Leyden
/wiki/Liam_Aylward	Aylward
/wiki/Ruairi_Quinn	Ruairi Quinn
/wiki/John_Mannion,_Jnr	John Mannion
/wiki/Brendan_Corish	Brendan Corish
/wiki/Timothy_Killeen	Timothy Killeen
/wiki/John_Mannion,_Jnr	John
/wiki/Vincent_Brady	Vincent Brady
/wiki/Liam_Burke	Burke
/wiki/Richard_Gogan	Gogan
/wiki/James_Tully_(Irish_politician)	Tully
/wiki/Michael_Keating_(Irish_politician)	Michael Keating 
/wiki/Austin_Deasy	Austin Deasy
/wiki/Richard_Gogan	Richard Gogan
/wiki/Jim_Fitzsimons	Jim Fitzsimons
/wiki/Tom_Leonard_(Irish_politician)	Tom Leonard 
/wiki/Eugene_Timmons	Eugene Timmons
/wiki/Joe_Walsh_(Irish_politician)	Joe
/wiki/Terry_Leyden	Terry
/wiki/Liam_Aylward	Liam Aylward
/wiki/Tom_Leonard_(Irish_politician)	Tom Leonard
/wiki/Gerard_Brady	Brady
/wiki/Timothy_Killeen	Killeen
/wiki/Albert_Reynolds	Albert
/wiki/Charlie_McCreevy	Charlie
/wiki/Niall_Andrews	Niall Andrews
/wiki/Patrick_Kerrigan	Kerrigan
/wiki/Eileen_Lemass	Lemass
/wiki/Niall_Andrews	Niall
/wiki/Patrick_Kerrigan	Patrick Kerrigan
/wiki/Seamus_Costello	Seamus Costello
/wiki/P._J._Morley	P.
/wiki/Liam_Lawlor	Lawlor
/wiki/Seamus_Costello	Costello
/wiki/Eileen_Lemass	Eileen
/wiki/John_Horgan_(academic)	John Horgan
/wiki/Michael_Woods_(politician)	Woods
/wiki/Michael_Joe_Cosgrave	Cosgrave
/wiki/Mark_Killilea,_Jnr	Killilea
/wiki/Albert_Reynolds	Albert Reynolds
/wiki/Liam_Lawlor	Liam Lawlor
/wiki/Timothy_Killeen	Timothy
/wiki/Hugh_Conaghan	Hugh
/wiki/Tom_Leonard_(Irish_politician)	Tom
/wiki/Jim_Mitchell_(politician)	Jim Mitchell 
/wiki/Barry_Cogan_(politician)	Barry Cogan
/wiki/Richard_Gogan	Richard
/wiki/Jim_Mitchell_(politician)	Jim Mitchell
/wiki/Jim_Fitzsimons	Fitzsimons
/wiki/Bertie_Ahern	Bertie
/wiki/Brendan_Corish	Brendan Corish
/wiki/Jack_Lynch	Lynch
/wiki/Brendan_Corish	Corish
/wiki/Clement_Coughlan	Clement
/wiki/James_Tully_(Irish_politician)	James Tully
/wiki/James_Tully_(Irish_politician)	James Tully 
/wiki/Patrick_Kerrigan	Patrick
/wiki/Michael_Woods_(politician)	Michael Woods
/wiki/Gus_Healy	Gus
/wiki/Barry_Cogan_(politician)	Barry Cogan 
/wiki/Eddie_Filgate	Filgate
/wiki/Tim_Pat_Coogan	Tim Pat Coogan
/wiki/Vincent_Brady	Vincent
/wiki/Mark_Killilea,_Jnr	Mark
/wiki/Austin_Deasy	Austin
/wiki/Myra_Barry	Myra
/wiki/Liam_Burke	Liam Burke
/wiki/Clement_Coughlan	Clement Coughlan
/wiki/Eddie_Filgate	Eddie Filgate
/wiki/Bertie_Ahern	Ahern
/wiki/Eddie_Filgate	Eddie
/wiki/Bertie_Ahern	Bertie Ahern
/wiki/Joe_Walsh_(Irish_politician)	Walsh
/wiki/Tim_Pat_Coogan	Pat
/wiki/John_Horgan_(academic)	John Horgan 
/wiki/Eileen_Lemass	Eileen Lemass
/wiki/Tim_Pat_Coogan	Tim
/wiki/Terry_Leyden	Leyden
/wiki/Michael_Lipper	Lipper
/wiki/Justin_Keating	Justin
/wiki/Mark_Killilea,_Jnr	Mark Killilea
/wiki/John_Mannion,_Jnr	Mannion
/wiki/Ruairi_Quinn	Ruairi
/wiki/Kit_Ahern	Kit
/wiki/Niall_Andrews	Andrews
/wiki/Brendan_Corish	Brendan
/wiki/Dieter_Nohlen	Dieter Nohlen
/wiki/Eugene_Timmons	Eugene
/wiki/Gus_Healy	Healy
/wiki/P._J._Morley	Morley
/wiki/Gus_Healy	Gus Healy
/wiki/Jim_Mitchell_(politician)	Mitchell
/wiki/John_Boland_(politician)	Boland
/wiki/Dieter_Nohlen	Dieter
/wiki/Michael_Joe_Cosgrave	Michael Joe Cosgrave
/wiki/Ruairi_Quinn	Quinn
/wiki/Tim_Pat_Coogan	Coogan
/wiki/Albert_Reynolds	Reynolds
/wiki/John_Horgan_(academic)	Horgan
