/wiki/Kenneth_Adam	Kenneth Adam
/wiki/Ken_Adam	Ken
/wiki/Cecil_McGivern	Cecil McGivern
/wiki/Kenneth_Adam	Kenneth
/wiki/Ken_Adam	Ken Adam
/wiki/William_Haley	William Haley
/wiki/William_Haley	Haley
/wiki/William_Haley	William
/wiki/Stuart_Hood	Hood
/wiki/Ken_Adam	Adam
/wiki/Stuart_Hood	Stuart
/wiki/Cecil_McGivern	McGivern
/wiki/Cecil_McGivern	Cecil
/wiki/Stuart_Hood	Stuart Hood
