/wiki/Jordon_Mutch	Mutch
/wiki/Keith_Dowding	Dowding
/wiki/Jordon_Mutch	Jordon
/wiki/Glenda_Bailey	Glenda Bailey
/wiki/Jordon_Mutch	Jordon Mutch
/wiki/Ivan_Gaskell	Ivan Gaskell
/wiki/Ivan_Gaskell	Gaskell
/wiki/Ivan_Gaskell	Ivan
/wiki/Glenda_Bailey	Bailey
/wiki/Keith_Dowding	Keith Dowding
/wiki/Keith_Dowding	Keith
/wiki/Glenda_Bailey	Glenda
