/wiki/Lance_Whitnall	Lance Whitnall
/wiki/Ron_Savage	Savage
/wiki/Jim_Mooring	Jim
/wiki/Troy_Cook	Troy Cook
/wiki/Wayne_Carey	Wayne
/wiki/Andrew_Walker_(footballer)	Andrew Walker 
/wiki/Paul_Schmidt_(footballer)	Schmidt
/wiki/Horrie_Clover	Clover
/wiki/Ken_Hunter	Ken Hunter
/wiki/Kane_Johnson	Kane Johnson
/wiki/Mark_Ricciuto	Ricciuto
/wiki/Kevin_Sheedy_(Australian_footballer)	Kevin Sheedy
/wiki/Mickey_Crisp	Crisp
/wiki/George_Topping	George Topping
/wiki/Ollie_Grieve	Ollie
/wiki/Ray_Brew	Brew
/wiki/Keith_Warburton	Warburton
/wiki/Brent_Harvey	Brent Harvey
/wiki/Brendan_Fevola	Fevola
/wiki/Ken_Baxter	Ken Baxter
/wiki/Paul_Schmidt_(footballer)	Paul
/wiki/George_Gniel	George
/wiki/Herb_Burleigh	Burleigh
/wiki/Darren_Gaspar	Darren
/wiki/Brad_Johnson_(Australian_rules_footballer)	Brad Johnson 
/wiki/Matthew_Allan	Matthew
/wiki/Jeff_Farmer_(footballer)	Farmer
/wiki/Lance_Collins	Collins
/wiki/Bert_Deacon	Bert
/wiki/Alex_Jesaulenko	Alex Jesaulenko
/wiki/Bruce_Doull	Bruce
/wiki/Mick_Grace	Mick
/wiki/Jim_Francis	Francis
/wiki/Bryce_Gibbs_(Australian_rules_footballer)	Bryce Gibbs 
/wiki/James_Hird	Hird
/wiki/Fraser_Brown	Brown
/wiki/Charlie_Fisher	Charlie
/wiki/Don_McIntyre	Don McIntyre
/wiki/Gordon_Green	Green
/wiki/Andrejs_Everitt	Andrejs
/wiki/Gordon_Collis	Gordon Collis
/wiki/Brendan_Fevola	Brendan Fevola
/wiki/Blake_Caracella	Blake
/wiki/Keith_Warburton	Keith Warburton
/wiki/Horrie_Clover	Horrie
/wiki/Herb_Burleigh	Herb Burleigh
/wiki/Brent_Harvey	Harvey
/wiki/Ansell_Clarke	Clarke
/wiki/Tom_Carroll_(Australian_footballer)	Tom
/wiki/Blake_Caracella	Blake Caracella
/wiki/Peter_Vardy_(footballer)	Peter Vardy 
/wiki/Robert_Walls	Walls
/wiki/Frank_Caine	Caine
/wiki/Brighton_Diggins	Brighton
/wiki/Ken_Baxter	Baxter
/wiki/Ray_Garby	Garby
/wiki/Bruce_Comben	Bruce Comben
/wiki/Brad_Johnson_(Australian_rules_footballer)	Brad
/wiki/Corey_McKernan	Corey McKernan
/wiki/Rod_Galt	Rod Galt
/wiki/Fraser_Brown	Fraser
/wiki/Bert_Deacon	Bert Deacon
/wiki/Jimmy_Aitken	Jimmy Aitken
/wiki/Ernie_Walton	Ernie
/wiki/Warren_Ralph	Ralph
/wiki/Brian_Kekovich	Brian
/wiki/Eddie_Betts	Eddie Betts
/wiki/Adam_Houlihan	Adam Houlihan
/wiki/Simon_Goodwin	Simon Goodwin
/wiki/Adrian_Gallagher	Gallagher
/wiki/Jack_Wrout	Jack
/wiki/Peter_Bosustow	Bosustow
/wiki/Doug_Beasy	Beasy
/wiki/David_Teague_(footballer)	David Teague 
/wiki/Don_McIntyre	Don
/wiki/Mike_Fitzpatrick_(footballer)	Fitzpatrick
/wiki/Mal_Michael	Mal Michael
/wiki/Rod_McGregor	McGregor
/wiki/Paul_Schmidt_(footballer)	Paul Schmidt 
/wiki/Jack_Howell_(footballer)	Howell
/wiki/Peter_Bosustow	Peter Bosustow
/wiki/Chris_Judd	Chris Judd
/wiki/Andrew_Kellaway	Andrew Kellaway
/wiki/George_Gniel	Gniel
/wiki/Andrejs_Everitt	Andrejs Everitt
/wiki/Matthew_Lloyd	Lloyd
/wiki/Marc_Murphy	Marc Murphy
/wiki/Harry_Vallence	Harry Vallence
/wiki/Rod_McGregor	Rod McGregor
/wiki/Bryan_Quirk	Quirk
/wiki/George_Gniel	George Gniel
/wiki/Herb_Burleigh	Herb
/wiki/Joel_Bowden	Bowden
/wiki/Darren_Gaspar	Gaspar
/wiki/Mick_Grace	Grace
/wiki/Arthur_Hodgson_(footballer)	Hodgson
/wiki/Kevan_Hamilton	Kevan
/wiki/Michael_Gardiner	Michael
/wiki/Gordon_Green	Gordon
/wiki/Ern_Cowley	Ern
/wiki/Ern_Cowley	Cowley
/wiki/Carl_Steinfort	Steinfort
/wiki/Mick_Grace	Mick Grace
/wiki/Jim_Flynn_(footballer)	Jim Flynn 
/wiki/Ray_Brew	Ray
/wiki/Mike_Fitzpatrick_(footballer)	Mike Fitzpatrick 
/wiki/Will_Stuckey	Will Stuckey
/wiki/Alex_Duncan	Duncan
/wiki/Justin_Madden	Madden
/wiki/Nathan_Buckley	Nathan
/wiki/Ray_Garby	Ray Garby
/wiki/Ross_Ditchburn	Ross
/wiki/Ken_Hands	Ken
/wiki/Brendon_Lade	Brendon
/wiki/Simon_Goodwin	Goodwin
/wiki/Bryan_Quirk	Bryan Quirk
/wiki/Joe_McShane	Joe
/wiki/Troy_Cook	Cook
/wiki/Joel_Bowden	Joel
/wiki/Bryce_Gibbs_(Australian_rules_footballer)	Bryce
/wiki/Jimmy_Aitken	Aitken
/wiki/Chris_Judd	Judd
/wiki/Warren_Ralph	Warren Ralph
/wiki/Bowen_Lockwood	Lockwood
/wiki/Mark_Maclure	Maclure
/wiki/Ken_Hands	Ken Hands
/wiki/Mickey_Crisp	Mickey
/wiki/Will_Stuckey	Will
/wiki/Andrew_McLeod	Andrew McLeod
/wiki/Fred_Elliott_(footballer)	Fred Elliott 
/wiki/Vin_Gardiner	Vin
/wiki/Stephen_Kernahan	Kernahan
/wiki/Kevin_Sheedy_(Australian_footballer)	Kevin
/wiki/Scott_Camporeale	Camporeale
/wiki/Brian_Kekovich	Kekovich
/wiki/Ern_Henfry	Ern Henfry
/wiki/Kevan_Hamilton	Kevan Hamilton
/wiki/Jarrad_Waite	Waite
/wiki/Heath_Black	Black
/wiki/Bob_Chitty	Bob Chitty
/wiki/Harry_Vallence	Vallence
/wiki/Charlie_Davey_(footballer)	Charlie Davey 
/wiki/Shane_Woewodin	Shane
/wiki/Nathan_Eagleton	Nathan Eagleton
/wiki/Will_Stuckey	Stuckey
/wiki/Andrejs_Everitt	Everitt
/wiki/Jeff_Farmer_(footballer)	Jeff Farmer 
/wiki/Matthew_Lappin	Matthew Lappin
/wiki/Justin_Madden	Justin
/wiki/Brendan_Fevola	Brendan
/wiki/Bert_Deacon	Deacon
/wiki/Heath_Scotland	Heath Scotland
/wiki/Brett_Ratten	Brett Ratten
/wiki/Craig_Bradley	Craig
/wiki/Tom_Carroll_(Australian_footballer)	Carroll
/wiki/Matthew_Allan	Allan
/wiki/Colin_Martyn	Colin
/wiki/Dustin_Fletcher	Fletcher
/wiki/Peter_Bosustow	Peter
/wiki/Angelo_Lekkas	Angelo
/wiki/Steven_King_(footballer)	Steven King 
/wiki/Trevor_Keogh	Keogh
/wiki/Ken_Sheldon	Ken Sheldon
/wiki/Corey_McKernan	McKernan
/wiki/Jack_Wells_(footballer)	Jack Wells 
/wiki/Dustin_Fletcher	Dustin Fletcher
/wiki/Greg_Williams_(Australian_footballer)	Williams
/wiki/Lance_Collins	Lance
/wiki/Jack_Wrout	Wrout
/wiki/Michael_Gardiner	Michael Gardiner
/wiki/Marc_Murphy	Murphy
/wiki/Maurie_Johnson	Maurie Johnson
/wiki/Fraser_Brown	Fraser Brown
/wiki/Jack_Wrout	Jack Wrout
/wiki/Blake_Caracella	Caracella
/wiki/Peter_Jones_(Australian_rules_footballer)	Jones
/wiki/Ern_Cowley	Ern Cowley
/wiki/Bowen_Lockwood	Bowen Lockwood
/wiki/Ollie_Grieve	Grieve
/wiki/Heath_Black	Heath
/wiki/Nathan_Eagleton	Eagleton
/wiki/Jim_Buckley_(footballer)	Buckley
/wiki/Leo_Brereton	Leo Brereton
/wiki/Anthony_Koutoufides	Koutoufides
/wiki/Andrew_McKay	Andrew McKay
/wiki/Carl_Steinfort	Carl Steinfort
/wiki/Ron_Barassi	Ron Barassi
/wiki/Shane_Woewodin	Woewodin
/wiki/Scott_Camporeale	Scott Camporeale
/wiki/Stefan_Carey	Stefan Carey
/wiki/Andrew_Carrazzo	Andrew Carrazzo
/wiki/Adrian_Gallagher	Adrian
/wiki/Kevin_Sheedy_(Australian_footballer)	Sheedy
/wiki/Wayne_Carey	Carey
/wiki/Brett_Ratten	Ratten
/wiki/Frank_Caine	Frank Caine
/wiki/Graham_Donaldson	Graham Donaldson
/wiki/Maurie_Johnson	Maurie
/wiki/Stephen_Silvagni	Stephen
/wiki/Alex_Duncan	Alex Duncan
/wiki/Mark_Ricciuto	Mark Ricciuto
/wiki/Fred_Webber	Fred
/wiki/Joel_Bowden	Joel Bowden
/wiki/Ernie_Walton	Walton
/wiki/Charlie_Fisher	Fisher
/wiki/Charlie_Fisher	Charlie Fisher
/wiki/Lance_Collins	Lance Collins
/wiki/Adam_Houlihan	Houlihan
/wiki/Bob_Atkinson	Bob Atkinson
/wiki/Joe_McShane	McShane
/wiki/Adrian_Gallagher	Adrian Gallagher
/wiki/Greg_Williams_(Australian_footballer)	Greg Williams 
/wiki/Geoff_Southby	Geoff
/wiki/Daniel_Bradshaw	Bradshaw
/wiki/Brent_Harvey	Brent
/wiki/Bruce_Doull	Doull
/wiki/Stephen_Silvagni	Silvagni
/wiki/Bryce_Gibbs_(Australian_rules_footballer)	Gibbs
/wiki/Mickey_Crisp	Mickey Crisp
/wiki/Kevin_Sheedy_(Australian_footballer)	Kevin Sheedy 
/wiki/John_Heathcote_(footballer)	John
/wiki/Jeff_Garlett	Garlett
/wiki/Jack_Howell_(footballer)	Jack Howell 
/wiki/Gerald_Burke	Gerald Burke
/wiki/Don_McIntyre	McIntyre
/wiki/Steven_King_(footballer)	King
/wiki/Brian_Kekovich	Brian Kekovich
/wiki/Kane_Johnson	Johnson
/wiki/Daniel_Bradshaw	Daniel Bradshaw
/wiki/Mark_Maclure	Mark Maclure
/wiki/Billy_Dick	Billy Dick
/wiki/Angelo_Lekkas	Angelo Lekkas
/wiki/Bruce_Doull	Bruce Doull
/wiki/Kane_Johnson	Kane
/wiki/Arthur_Hodgson_(footballer)	Arthur
/wiki/Kade_Simpson	Kade Simpson
/wiki/Doug_Beasy	Doug
/wiki/James_Hird	James Hird
/wiki/Graham_Donaldson	Graham
/wiki/Alex_Jesaulenko	Jesaulenko
/wiki/Stefan_Carey	Stefan
/wiki/Nathan_Buckley	Nathan Buckley
/wiki/Garry_Crane	Garry
/wiki/Kevan_Hamilton	Hamilton
/wiki/Vin_Gardiner	Gardiner
/wiki/Carl_Steinfort	Carl
/wiki/Garry_Crane	Garry Crane
/wiki/Matthew_Lloyd	Matthew Lloyd
/wiki/Harold_Carter	Harold Carter
/wiki/Brendon_Lade	Lade
/wiki/Ken_Hands	Hands
/wiki/Trevor_Keogh	Trevor
/wiki/Ollie_Grieve	Ollie Grieve
/wiki/Andrew_McLeod	McLeod
/wiki/Wayne_Carey	Wayne Carey
/wiki/Billy_Dick	Dick
/wiki/Kade_Simpson	Kade
/wiki/Bob_Atkinson	Atkinson
/wiki/Gordon_Green	Gordon Green
/wiki/Fred_Webber	Fred Webber
/wiki/Jarrad_Waite	Jarrad
/wiki/Fred_Elliott_(footballer)	Elliott
/wiki/George_Topping	Topping
/wiki/Anthony_Koutoufides	Anthony Koutoufides
/wiki/Andrew_Kellaway	Kellaway
/wiki/Ken_Hunter	Hunter
/wiki/Steven_King_(footballer)	Steven King
/wiki/Shane_Woewodin	Shane Woewodin
/wiki/Stephen_Silvagni	Stephen Silvagni
/wiki/Damien_Hardwick	Hardwick
/wiki/Jarrad_Waite	Jarrad Waite
/wiki/Horrie_Clover	Horrie Clover
/wiki/Greg_Williams_(Australian_footballer)	Greg
/wiki/Jim_Mooring	Jim Mooring
/wiki/Charlie_Davey_(footballer)	Davey
/wiki/Brendon_Lade	Brendon Lade
/wiki/Harold_Carter	Carter
/wiki/Colin_Martyn	Martyn
/wiki/Jim_Francis	Jim Francis
/wiki/Jeff_Garlett	Jeff Garlett
/wiki/Stephen_Kernahan	Stephen Kernahan
/wiki/Wayne_Johnston_(footballer)	Wayne Johnston 
/wiki/Ansell_Clarke	Ansell Clarke
/wiki/Adam_Houlihan	Adam
/wiki/Ken_Sheldon	Sheldon
/wiki/Justin_Madden	Justin Madden
/wiki/Daniel_Bradshaw	Daniel
/wiki/Lance_Whitnall	Whitnall
/wiki/Jim_Flynn_(footballer)	Flynn
/wiki/Peter_Jones_(Australian_rules_footballer)	Peter Jones 
/wiki/Frank_Gill_(footballer)	Gill
/wiki/Bob_Chitty	Chitty
/wiki/Jeff_Farmer_(footballer)	Jeff Farmer
/wiki/Brighton_Diggins	Brighton Diggins
/wiki/Doug_Beasy	Doug Beasy
/wiki/Robert_Walls	Robert Walls
/wiki/Garry_Crane	Crane
/wiki/Robert_Walls	Robert
/wiki/Ansell_Clarke	Ansell
/wiki/James_Hird	James
/wiki/Billy_Dick	Billy
/wiki/Jim_Buckley_(footballer)	Jim Buckley 
/wiki/Damien_Hardwick	Damien Hardwick
/wiki/Eddie_Betts	Betts
/wiki/Sergio_Silvagni	Sergio
/wiki/Bill_Milroy	Bill Milroy
/wiki/Craig_Bradley	Bradley
/wiki/Troy_Cook	Troy
/wiki/Steven_King_(footballer)	Steven
/wiki/Gordon_Collis	Collis
/wiki/Warren_Ralph	Warren
/wiki/John_Heathcote_(footballer)	John Heathcote 
/wiki/Marc_Murphy	Marc
/wiki/Scott_West	West
/wiki/Mark_Maclure	Mark
/wiki/Jim_Mooring	Mooring
/wiki/Mike_Fitzpatrick_(footballer)	Mike
/wiki/Darren_Gaspar	Darren Gaspar
/wiki/Joe_McShane	Joe McShane
/wiki/Frank_Caine	Frank
/wiki/Ernie_Walton	Ernie Walton
/wiki/Brett_Ratten	Brett
/wiki/Leo_Brereton	Leo
/wiki/Chris_Judd	Chris
/wiki/Keith_Warburton	Keith
/wiki/John_James_(Australian_rules_footballer)	John James 
/wiki/Bill_Milroy	Bill
/wiki/David_Teague_(footballer)	David
/wiki/Corey_McKernan	Corey
/wiki/Bob_Chitty	Bob
/wiki/Frank_Gill_(footballer)	Frank Gill 
/wiki/Rod_Galt	Galt
/wiki/Jimmy_Aitken	Jimmy
/wiki/Scott_West	Scott West
/wiki/Ron_Savage	Ron
/wiki/Rod_Galt	Rod
/wiki/Bill_Milroy	Milroy
/wiki/Vin_Gardiner	Vin Gardiner
/wiki/Craig_Bradley	Craig Bradley
/wiki/Graham_Donaldson	Donaldson
/wiki/Simon_Goodwin	Simon
/wiki/Heath_Scotland	Scotland
/wiki/Bruce_Comben	Comben
/wiki/Sergio_Silvagni	Sergio Silvagni
/wiki/Harold_Carter	Harold
/wiki/Geoff_Southby	Southby
/wiki/Bowen_Lockwood	Bowen
/wiki/Anthony_Koutoufides	Anthony
/wiki/Gerald_Burke	Gerald
/wiki/Angelo_Lekkas	Lekkas
/wiki/Bryan_Quirk	Bryan
/wiki/Matthew_Lappin	Lappin
/wiki/Harry_Vallence	Harry
/wiki/Andrew_Walker_(footballer)	Walker
/wiki/Wayne_Johnston_(footballer)	Johnston
/wiki/Matthew_Allan	Matthew Allan
/wiki/Andrew_McKay	McKay
/wiki/Jeff_Garlett	Jeff
/wiki/Tom_Carroll_(Australian_footballer)	Tom Carroll 
/wiki/Eddie_Betts	Eddie
/wiki/Trevor_Keogh	Trevor Keogh
/wiki/Brighton_Diggins	Diggins
/wiki/Ray_Brew	Ray Brew
/wiki/Heath_Black	Heath Black
/wiki/Leo_Brereton	Brereton
/wiki/Ross_Ditchburn	Ross Ditchburn
/wiki/Andrew_Carrazzo	Carrazzo
/wiki/Andrew_McKay	Andrew
/wiki/Jack_Wells_(footballer)	Wells
/wiki/Gerald_Burke	Burke
/wiki/Brad_Johnson_(Australian_rules_footballer)	Brad Johnson
/wiki/Mal_Michael	Mal
/wiki/Ron_Savage	Ron Savage
/wiki/Dustin_Fletcher	Dustin
/wiki/Alex_Duncan	Alex
/wiki/Damien_Hardwick	Damien
/wiki/Geoff_Southby	Geoff Southby
/wiki/Ron_Barassi	Barassi
/wiki/John_Heathcote_(footballer)	Heathcote
/wiki/David_Teague_(footballer)	Teague
/wiki/Kade_Simpson	Simpson
/wiki/Ern_Henfry	Henfry
/wiki/Peter_Vardy_(footballer)	Vardy
/wiki/Colin_Martyn	Colin Martyn
/wiki/Fred_Webber	Webber
/wiki/Ross_Ditchburn	Ditchburn
/wiki/Arthur_Hodgson_(footballer)	Arthur Hodgson 
/wiki/Scott_West	Scott
