/wiki/Stan_Bevington	Bevington
/wiki/Charles_Goldfarb	Charles
/wiki/Charles_Goldfarb	Charles Goldfarb
/wiki/Holley_Rubinsky	Holley Rubinsky
/wiki/Charles_Goldfarb	Goldfarb
/wiki/Stan_Bevington	Stan
/wiki/Yuri_Rubinsky	Rubinsky
/wiki/Stan_Bevington	Stan Bevington
/wiki/Yuri_Rubinsky	Yuri
/wiki/Holley_Rubinsky	Holley
