/wiki/Maurice_Cummins	Maurice Cummins
/wiki/Pat_Breen	Breen
/wiki/Peter_Barry	Barry
/wiki/Joe_McHugh	McHugh
/wiki/Jim_Mitchell_(politician)	Jim
/wiki/Joe_Carey	Carey
/wiki/Gay_Mitchell	Gay Mitchell
/wiki/Bernard_Durkan	Bernard
/wiki/Paul_Coghlan	Paul Coghlan
/wiki/Garret_FitzGerald	Garret
/wiki/Pat_Breen	Pat Breen
/wiki/John_Deasy_(Fine_Gael_politician)	John Deasy
/wiki/Kieran_Crotty	Kieran Crotty
/wiki/Richard_Mulcahy	Mulcahy
/wiki/David_Stanton	Stanton
/wiki/Gay_Mitchell	Gay
/wiki/Austin_Currie	Austin
/wiki/Gemma_Hussey	Gemma
/wiki/Mairead_McGuinness	Mairead McGuinness
/wiki/Leo_Varadkar	Leo Varadkar
/wiki/Hildegarde_Naughton	Naughton
/wiki/Mary_Banotti	Banotti
/wiki/Leo_Varadkar	Varadkar
/wiki/W._T._Cosgrave	W. T. Cosgrave
/wiki/Hildegarde_Naughton	Hildegarde
/wiki/Jim_Higgins_(Irish_politician)	Higgins
/wiki/James_Dooge	James
/wiki/Tom_Enright	Enright
/wiki/Patrick_Cooney	Patrick Cooney
/wiki/Michael_Ring	Michael
/wiki/Brian_Hayes_(politician)	Brian Hayes 
/wiki/Donal_Creed	Donal Creed
/wiki/Enda_Kenny	Kenny
/wiki/Maurice_Cummins	Maurice
/wiki/W._T._Cosgrave	W.
/wiki/Michael_Creed	Creed
/wiki/Michael_Lowry	Lowry
/wiki/Liam_Cosgrave	Liam Cosgrave
/wiki/Maurice_Manning	Manning
/wiki/Paul_Kehoe	Paul
/wiki/Liam_Cosgrave	Liam
/wiki/Tom_Hayes_(politician)	Tom Hayes
/wiki/Deirdre_Clune	Clune
/wiki/Phil_Hogan	Phil Hogan
/wiki/James_Dooge	James Dooge
/wiki/Garret_FitzGerald	FitzGerald
/wiki/Michael_Lowry	Michael Lowry
/wiki/Jerry_Buttimer	Buttimer
/wiki/Mairead_McGuinness	McGuinness
/wiki/Michael_Finucane	Finucane
/wiki/John_Bruton	John
/wiki/Austin_Currie	Austin Currie
/wiki/Paddy_Burke	Burke
/wiki/Paddy_Burke	Paddy
/wiki/Michael_Noonan	Michael Noonan
/wiki/Simon_Coveney	Coveney
/wiki/Alan_Dukes	Alan
/wiki/Leo_Varadkar	Leo
/wiki/Jim_Mitchell_(politician)	Jim Mitchell
/wiki/Paddy_Burke	Paddy Burke
/wiki/Joe_Carey	Joe
/wiki/Simon_Coveney	Simon Coveney
/wiki/Paschal_Donohoe	Paschal Donohoe
/wiki/Dan_Neville	Neville
/wiki/Gemma_Hussey	Hussey
/wiki/Tom_Hayes_(politician)	Tom Hayes 
/wiki/John_Paul_Phelan	John Paul Phelan
/wiki/David_Stanton	David
/wiki/David_Stanton	David Stanton
/wiki/Jerry_Buttimer	Jerry Buttimer
/wiki/Michael_Ring	Ring
/wiki/Damien_English	English
/wiki/Tom_Enright	Tom Enright
/wiki/Finian_McGrath	McGrath
/wiki/Michael_Creed	Michael Creed
/wiki/Enda_Kenny	Enda Kenny
/wiki/Paul_Kehoe	Paul Kehoe
/wiki/Nora_Owen	Owen
/wiki/Alan_Dukes	Dukes
/wiki/John_Bruton	Bruton
/wiki/Douglas_Hyde	Hyde
/wiki/Paul_Kehoe	Kehoe
/wiki/Liam_Cosgrave	Cosgrave
/wiki/Damien_English	Damien English
/wiki/Dan_Neville	Dan
/wiki/John_Bruton	John Bruton
/wiki/Paschal_Donohoe	Donohoe
/wiki/Simon_Coveney	Simon
/wiki/John_Paul_Phelan	Phelan
/wiki/Michael_Ring	Michael Ring
/wiki/Tom_Enright	Tom
/wiki/Jim_Mitchell_(politician)	Jim Mitchell 
/wiki/Mary_Banotti	Mary Banotti
/wiki/Catherine_Byrne	Byrne
/wiki/Enda_Kenny	Enda
/wiki/Donal_Creed	Donal
/wiki/Andrew_Doyle	Doyle
/wiki/Alan_Dukes	Alan Dukes
/wiki/Peter_Barry	Peter Barry
/wiki/Garret_FitzGerald	Garret FitzGerald
/wiki/James_Dooge	Dooge
/wiki/Kieran_Crotty	Crotty
/wiki/Hildegarde_Naughton	Hildegarde Naughton
/wiki/Patrick_Cooney	Patrick
/wiki/Phil_Hogan	Phil
/wiki/Charles_Flanagan	Flanagan
/wiki/Brian_Hayes_(politician)	Hayes
/wiki/Bernard_Durkan	Bernard Durkan
/wiki/Joe_Carey	Joe Carey
/wiki/Colm_Burke	Colm Burke
/wiki/Gemma_Hussey	Gemma Hussey
/wiki/Kieran_Crotty	Kieran
/wiki/Catherine_Byrne	Catherine
/wiki/Paul_Coghlan	Coghlan
/wiki/Deirdre_Clune	Deirdre
/wiki/Deirdre_Clune	Deirdre Clune
/wiki/Andrew_Doyle	Andrew Doyle
/wiki/Colm_Burke	Colm
/wiki/Peter_Barry	Peter
/wiki/Finian_McGrath	Finian McGrath
/wiki/Bernard_Durkan	Durkan
/wiki/Pat_Breen	Pat
/wiki/Richard_Bruton	Richard
/wiki/Maurice_Cummins	Cummins
/wiki/Mairead_McGuinness	Mairead
/wiki/Paschal_Donohoe	Paschal
/wiki/Douglas_Hyde	Douglas
/wiki/Brian_Hayes_(politician)	Brian
/wiki/Nora_Owen	Nora
/wiki/Jerry_Buttimer	Jerry
/wiki/Richard_Bruton	Richard Bruton
/wiki/Phil_Hogan	Hogan
/wiki/Finian_McGrath	Finian
/wiki/Charles_Flanagan	Charles Flanagan
/wiki/Catherine_Byrne	Catherine Byrne
/wiki/Andrew_Doyle	Andrew
/wiki/Mary_Banotti	Mary
/wiki/Michael_Noonan	Noonan
/wiki/John_Deasy_(Fine_Gael_politician)	John Deasy 
/wiki/John_Deasy_(Fine_Gael_politician)	Deasy
/wiki/Damien_English	Damien
/wiki/Joe_McHugh	Joe McHugh
/wiki/W._T._Cosgrave	T.
/wiki/Austin_Currie	Currie
/wiki/Michael_Finucane	Michael Finucane
/wiki/Patrick_Cooney	Cooney
/wiki/Jim_Higgins_(Irish_politician)	Jim Higgins 
/wiki/Gay_Mitchell	Mitchell
/wiki/Douglas_Hyde	Douglas Hyde
/wiki/Jim_Higgins_(Irish_politician)	Jim Higgins
/wiki/Nora_Owen	Nora Owen
/wiki/Charles_Flanagan	Charles
/wiki/Brian_Hayes_(politician)	Brian Hayes
/wiki/Richard_Mulcahy	Richard Mulcahy
/wiki/Dan_Neville	Dan Neville
/wiki/Maurice_Manning	Maurice Manning
