/wiki/Derek_Barton	Derek Barton
/wiki/Frederick_Sanger	Frederick Sanger
/wiki/Roald_Hoffmann	Roald Hoffmann
/wiki/Organic_chemist	organic chemist
/wiki/David_Keilin	David Keilin
/wiki/Robert_Curl	Robert Curl
/wiki/Herbert_A._Hauptman	Herbert A. Hauptman
/wiki/Yves_Chauvin	Yves Chauvin
/wiki/Illinois	Illinois
/wiki/Johann_Deisenhofer	Johann Deisenhofer
/wiki/Sydney_Chapman_(mathematician)	Sydney Chapman
/wiki/Melvin_Calvin	Melvin Calvin
/wiki/Kent	Kent
/wiki/Geoffrey_Wilkinson	Geoffrey Wilkinson
/wiki/Stanford_Moore	Stanford Moore
/wiki/Sidney_Altman	Sidney Altman
/wiki/Priestley_Medal	Priestley Medal
/wiki/Arieh_Warshel	Arieh Warshel
/wiki/Thomas_Cech	Thomas Cech
/wiki/Barton_reaction	Barton reaction
/wiki/Dudley_R._Herschbach	Dudley R. Herschbach
/wiki/Hans_Fischer	Hans Fischer
/wiki/Odd_Hassel	Odd Hassel
/wiki/Imperial_College	Imperial College
/wiki/Fellow_of_the_Royal_Society	Fellow of the Royal Society
/wiki/Koichi_Tanaka	Koichi Tanaka
/wiki/James_Watson	James D. Watson
/wiki/William_Lipscomb	William Lipscomb
/wiki/Ian_Heilbron	Ian Heilbron
/wiki/William_Standish_Knowles	William Knowles
/wiki/Regius_Professor	Regius Professor
/wiki/Copley_Medal	Copley Medal
/wiki/Robin_Hill_(biochemist)	Robin Hill
/wiki/Donald_J._Cram	Donald J. Cram
/wiki/Royal_Society_of_Edinburgh	Royal Society of Edinburgh
/wiki/Sydney_Brenner	Sydney Brenner
/wiki/Venkatraman_Ramakrishnan	Venkatraman Ramakrishnan
/wiki/College_Station,_Texas	College Station, Texas
/wiki/Jean-Marie_Lehn	Jean-Marie Lehn
/wiki/Alan_Cottrell	Alan Cottrell
/wiki/Gravesend_Grammar_School	Gravesend Grammar School
/wiki/Kary_Mullis	Kary Mullis
/wiki/Richard_F._Heck	Richard F. Heck
/wiki/Subrahmanyan_Chandrasekhar	Subrahmanyan Chandrasekhar
/wiki/Lars_Onsager	Lars Onsager
/wiki/Robert_Huber	Robert Huber
/wiki/Paul_Dirac	Paul Dirac
/wiki/Michael_Atiyah	Michael Atiyah
/wiki/Rudolph_A._Marcus	Rudolph A. Marcus
/wiki/Frederick_Charles_Frank	Frederick Charles Frank
/wiki/Giulio_Natta	Giulio Natta
/wiki/Gravesend,_Kent	Gravesend, Kent
/wiki/Manfred_Eigen	Manfred Eigen
/wiki/Thomas_A._Steitz	Thomas A. Steitz
/wiki/Alma_mater	Alma mater
/wiki/William_Howard_Stein	William Stein
/wiki/Knight	knighted
/wiki/Robert_Burns_Woodward	Robert Burns Woodward
/wiki/John_Howard_Northrop	John Northrop
/wiki/Bernard_Katz	Bernard Katz
/wiki/Ronald_Fisher	Ronald Fisher
/wiki/Tomas_Lindahl	Tomas Lindahl
/wiki/Eduard_Buchner	Eduard Buchner
/wiki/The_King%27s_School,_Rochester	The King's School, Rochester
/wiki/Alexander_R._Todd,_Baron_Todd	Alexander Todd
/wiki/Rodney_Robert_Porter	Rodney Robert Porter
/wiki/Council_for_Scientific_Policy	Council for Scientific Policy
/wiki/Hartmut_Michel	Hartmut Michel
/wiki/Svante_Arrhenius	Svante Arrhenius
/wiki/Paul_Flory	Paul Flory
/wiki/Walther_Nernst	Walther Nernst
/wiki/Rudolf_Peierls	Rudolf Peierls
/wiki/Wilhelm_Ostwald	Wilhelm Ostwald
/wiki/Richard_R._Schrock	Richard R. Schrock
/wiki/Robert_H._Grubbs	Robert H. Grubbs
/wiki/Henri_Moissan	Henri Moissan
/wiki/Martin_Karplus	Martin Karplus
/wiki/Doctoral_advisor	Doctoral advisor
/wiki/Ry%C5%8Dji_Noyori	Ryoji Noyori
/wiki/Richard_Smalley	Richard Smalley
/wiki/Howard_Florey	Howard Florey
/wiki/Institut_de_Chimie_des_Substances_Naturelles	Institut de Chimie des Substances Naturelles
/wiki/Robert_Burns_Woodward	Robert Woodward
/wiki/Barton_decarboxylation	Barton decarboxylation
/wiki/France	France
/wiki/Mario_J._Molina	Mario J. Molina
/wiki/Kenichi_Fukui	Kenichi Fukui
/wiki/Harvard_University	Harvard University
/wiki/John_Kendrew	John Kendrew
/wiki/Vincent_du_Vigneaud	Vincent du Vigneaud
/wiki/Avram_Hershko	Avram Hershko
/wiki/Fr%C3%A9d%C3%A9ric_Joliot-Curie	Frédéric Joliot-Curie
/wiki/Edwin_McMillan	Edwin McMillan
/wiki/William_Giauque	William Giauque
/wiki/Harold_Urey	Harold Urey
/wiki/List_of_Fellows_of_the_Royal_Society_elected_in_1954	Fellow of the Royal Society (FRS) in 1954
/wiki/Georg_Wittig	Georg Wittig
/wiki/Martin_Chalfie	Martin Chalfie
/wiki/Wisconsin	Wisconsin
/wiki/Jacobus_Henricus_van_%27t_Hoff	Jacobus van 't Hoff
/wiki/W._V._D._Hodge	W. V. D. Hodge
/wiki/George_de_Hevesy	George de Hevesy
/wiki/Norman_Pirie	Norman Pirie
/wiki/John_Pople	John Pople
/wiki/Akira_Suzuki_(chemist)	Akira Suzuki
/wiki/Aaron_Klug	Aaron Klug
/wiki/Patrick_Blackett,_Baron_Blackett	Patrick Blackett
/wiki/Peter_D._Mitchell	Peter D. Mitchell
/wiki/Hans_von_Euler-Chelpin	Hans von Euler-Chelpin
/wiki/Ahmed_Zewail	Ahmed Zewail
/wiki/Arthur_Harden	Arthur Harden
/wiki/Paul_L._Modrich	Paul L. Modrich
/wiki/Carl_Bosch	Carl Bosch
/wiki/Barton-McCombie_deoxygenation	Barton-McCombie deoxygenation
/wiki/Conformational_isomerism	conformation
/wiki/Elias_James_Corey	Elias Corey
/wiki/Richard_Adolf_Zsigmondy	Richard Zsigmondy
/wiki/Royal_Society_of_Chemistry	Royal Society of Chemistry
/wiki/Wendell_Meredith_Stanley	Wendell Meredith Stanley
/wiki/Robert_S._Mulliken	Robert S. Mulliken
/wiki/English_people	English
/wiki/Robert_Lefkowitz	Robert Lefkowitz
/wiki/Adolf_Butenandt	Adolf Butenandt
/wiki/Chemistry	Chemistry
/wiki/Nobel_Prize_in_Chemistry	Nobel Prize in Chemistry
/wiki/Ilya_Prigogine	Ilya Prigogine
/wiki/Heinrich_Otto_Wieland	Heinrich Wieland
/wiki/Theodore_William_Richards	Theodore Richards
/wiki/Otto_Wallach	Otto Wallach
/wiki/Friedrich_Bergius	Friedrich Bergius
/wiki/Alfred_Werner	Alfred Werner
/wiki/Jens_Christian_Skou	Jens Christian Skou
/wiki/Alan_Lloyd_Hodgkin	Alan Lloyd Hodgkin
/wiki/Alan_J._Heeger	Alan J. Heeger
/wiki/L%C3%A9gion_d%27honneur	Légion d'honneur
/wiki/Irwin_Rose	Irwin Rose
/wiki/Karl_Ziegler	Karl Ziegler
/wiki/Dan_Shechtman	Dan Shechtman
/wiki/Albert_Kluyver	Albert Kluyver
/wiki/Adolf_Otto_Reinhold_Windaus	Adolf Windaus
/wiki/Robert_Bruce_Merrifield	Robert Merrifield
/wiki/Fritz_Pregl	Fritz Pregl
/wiki/University_of_Glasgow	University of Glasgow
/wiki/Osamu_Shimomura	Osamu Shimomura
/wiki/Aziz_Sancar	Aziz Sancar
/wiki/Birkbeck,_University_of_London	Birkbeck College London
/wiki/Francis_Crick	Francis Crick
/wiki/John_Fenn_(chemist)	John B. Fenn
/wiki/Harold_Jeffreys	Harold Jeffreys
/wiki/Eric_Betzig	Eric Betzig
/wiki/Richard_Laurence_Millington_Synge	Richard Synge
/wiki/Albright_and_Wilson	Albright and Wilson
/wiki/Christian_B._Anfinsen	Christian B. Anfinsen
/wiki/Roger_Y._Tsien	Roger Y. Tsien
/wiki/Richard_Kuhn	Richard Kuhn
/wiki/Roger_D._Kornberg	Roger D. Kornberg
/wiki/Robert_Robinson_(organic_chemist)	Robert Robinson
/wiki/University_of_California,_Berkeley	University of California, Berkeley
/wiki/Paul_Sabatier_(chemist)	Paul Sabatier
/wiki/Nikolay_Semyonov	Nikolay Semyonov
/wiki/Cyril_Norman_Hinshelwood	Cyril Norman Hinshelwood
/wiki/Max_Perutz	Max Perutz
/wiki/Vladimir_Prelog	Vladimir Prelog
/wiki/Fritz_Haber	Fritz Haber
/wiki/John_Maynard_Smith	John Maynard Smith
/wiki/Hermann_Emil_Fischer	Emil Fischer
/wiki/Alan_R._Battersby	Alan Battersby
/wiki/Jerome_Karle	Jerome Karle
/wiki/Gerhard_Herzberg	Gerhard Herzberg
/wiki/John_E._Walker	John E. Walker
/wiki/Paul_Fildes	Paul Fildes
/wiki/George_Porter	George Porter
/wiki/Victor_Grignard	Victor Grignard
/wiki/Jaroslav_Heyrovsk%C3%BD	Jaroslav Heyrovský
/wiki/Arne_Tiselius	Arne Tiselius
/wiki/Paul_Berg	Paul Berg
/wiki/Harry_Kroto	Harold Kroto
/wiki/Nobel_Prize_laureate	Nobel Prize laureate
/wiki/William_Lawrence_Bragg	William Lawrence Bragg
/wiki/Distinguished_Professor	Distinguished Professor
/wiki/Ada_Yonath	Ada E. Yonath
/wiki/Paul_J._Crutzen	Paul J. Crutzen
/wiki/Archer_John_Porter_Martin	Archer Martin
/wiki/Irving_Langmuir	Irving Langmuir
/wiki/Royal_Medal	Royal Medal
/wiki/Willard_Libby	Willard Libby
/wiki/Norman_Haworth	Norman Haworth
/wiki/Gravesend	Gravesend
/wiki/Ronald_George_Wreyford_Norrish	Ronald Norrish
/wiki/Tonbridge_School	Tonbridge School
/wiki/Ernest_Rutherford	Ernest Rutherford
/wiki/Texas_A%26M_University	Texas A&M University
/wiki/Yuan_T._Lee	Yuan T. Lee
/wiki/Michael_Smith_(chemist)	Michael Smith
/wiki/Abdus_Salam	Abdus Salam
/wiki/Organic_Chemistry	Organic Chemistry
/wiki/Dorothy_Hodgkin	Dorothy Hodgkin
/wiki/Gerhard_Ertl	Gerhard Ertl
/wiki/Nevill_Francis_Mott	Nevill Francis Mott
/wiki/Kurt_W%C3%BCthrich	Kurt Wüthrich
/wiki/Frank_Fenner	Frank Fenner
/wiki/Peter_Agre	Peter Agre
/wiki/Walter_Gilbert	Walter Gilbert
/wiki/John_Polanyi	John Polanyi
/wiki/Kurt_Alder	Kurt Alder
/wiki/Richard_Willst%C3%A4tter	Richard Willstätter
/wiki/LIBRIS	SELIBR
/wiki/Birmingham	Birmingham
/wiki/Linus_Pauling	Linus Pauling
/wiki/Francis_William_Aston	Francis Aston
/wiki/Tadeus_Reichstein	Tadeus Reichstein
/wiki/Karl_Barry_Sharpless	K. Barry Sharpless
/wiki/Roderick_MacKinnon	Roderick MacKinnon
/wiki/Ir%C3%A8ne_Joliot-Curie	Irène Joliot-Curie
/wiki/James_Lighthill	James Lighthill
/wiki/Adolf_von_Baeyer	Adolf von Baeyer
/wiki/Andrew_Huxley	Andrew Huxley
/wiki/Herbert_C._Brown	Herbert C. Brown
/wiki/Massachusetts_Institute_of_Technology	Massachusetts Institute of Technology
/wiki/Knight_Bachelor	Knight Bachelor
/wiki/Frederick_Soddy	Frederick Soddy
/wiki/Ernst_Otto_Fischer	Ernst Otto Fischer
/wiki/Hugh_Huxley	Hugh Huxley
/wiki/Theodor_Svedberg	Theodor Svedberg
/wiki/JSTOR	JSTOR
/wiki/George_Andrew_Olah	George Olah
/wiki/Conformational_analysis	conformational analysis
/wiki/Cyril_Norman_Hinshelwood	Cyril Hinshelwood
/wiki/Frank_Sherwood_Rowland	Frank Rowland
/wiki/John_Edensor_Littlewood	John Edensor Littlewood
/wiki/American_Academy_of_Arts_and_Sciences	American Academy of Arts and Sciences
/wiki/Ei-ichi_Negishi	Ei-ichi Negishi
/wiki/Artturi_Ilmari_Virtanen	Artturi Virtanen
/wiki/Glenn_T._Seaborg	Glenn T. Seaborg
/wiki/Leopold_Ru%C5%BEi%C4%8Dka	Leopold Ružička
/wiki/Barton%E2%80%93Zard_synthesis	Barton–Zard synthesis
/wiki/Otto_Diels	Otto Diels
/wiki/Copley_Medal	Copley Medallists
/wiki/Brian_Kobilka	Brian Kobilka
/wiki/Marie_Curie	Marie Curie
/wiki/C%C3%A9sar_Milstein	César Milstein
/wiki/William_Ramsay	William Ramsay
/wiki/Frank_Macfarlane_Burnet	Frank Macfarlane Burnet
/wiki/Peter_Medawar	Peter Medawar
/wiki/Imperial_College_London	Imperial College London
/wiki/Henry_Taube	Henry Taube
/wiki/William_E._Moerner	William E. Moerner
/wiki/La_Grange,_Texas	La Grange Cemetery, Texas
/wiki/Aaron_Ciechanover	Aaron Ciechanover
/wiki/Alan_MacDiarmid	Alan MacDiarmid
/wiki/Otto_Hahn	Otto Hahn
/wiki/Hermann_Staudinger	Hermann Staudinger
/wiki/Luis_Federico_Leloir	Luis Federico Leloir
/wiki/Davy_Medal	Davy Medal
/wiki/Barton%E2%80%93McCombie_deoxygenation	Barton–McCombie deoxygenation
/wiki/Paul_D._Boyer	Paul D. Boyer
/wiki/Stefan_Hell	Stefan Hell
/wiki/Michael_Levitt	Michael Levitt
/wiki/Peter_Debye	Peter Debye
/wiki/United_Kingdom	United Kingdom
/wiki/John_Cornforth	John Cornforth
/wiki/Charles_J._Pedersen	Charles J. Pedersen
/wiki/Hans_Adolf_Krebs	Hans Adolf Krebs
/wiki/Hideki_Shirakawa	Hideki Shirakawa
/wiki/James_B._Sumner	James B. Sumner
/wiki/Paul_Karrer	Paul Karrer
/wiki/Walter_Kohn	Walter Kohn
/wiki/Richard_R._Ernst	Richard R. Ernst
/wiki/E._T._Whittaker	E. T. Whittaker
/wiki/Corday-Morgan_Medal	Corday-Morgan Medal
