/wiki/Martin_Lewis_Perl	Martin Lewis Perl
/wiki/Dennis_Gabor	Dennis Gabor
/wiki/Isamu_Akasaki	Isamu
/wiki/Georg_Bednorz	Georg Bednorz
/wiki/John_Hasbrouck_Van_Vleck	Van
/wiki/Manne_Siegbahn	Manne Siegbahn
/wiki/Gabriel_Lippmann	Lippmann
/wiki/Hendrik_Lorentz	Hendrik
/wiki/Roy_J._Glauber	Glauber
/wiki/Georges_Charpak	Charpak
/wiki/Enrico_Fermi	Enrico
/wiki/Alfred_Kastler	Kastler
/wiki/Anthony_James_Leggett	Leggett
/wiki/Freeman_Dyson	Freeman Dyson
/wiki/Willard_Boyle	Boyle
/wiki/Robert_Andrews_Millikan	Millikan
/wiki/Val_Logsdon_Fitch	Val
/wiki/Carlo_Rubbia	Rubbia
/wiki/Heinrich_Rohrer	Rohrer
/wiki/Dan_Shechtman	Dan
/wiki/Karl_Ferdinand_Braun	Braun
/wiki/Lev_Landau	Lev Landau
/wiki/John_Cockcroft	John Cockcroft
/wiki/Chen-Ning_Yang	Chen-Ning
/wiki/Wolfgang_Paul	Wolfgang Paul
/wiki/Chien-Shiung_Wu	Wu
/wiki/Paul_Dirac	Paul Dirac
/wiki/Henri_Becquerel	Henri
/wiki/Erwin_Hahn	Erwin
/wiki/Alexander_Prokhorov	Prokhorov
/wiki/Robert_B._Laughlin	Robert B. Laughlin
/wiki/Clifford_Shull	Shull
/wiki/Valentine_Telegdi	Valentine Telegdi
/wiki/Henry_Way_Kendall	Henry
/wiki/Claude_Cohen-Tannoudji	Claude Cohen-Tannoudji
/wiki/Burton_Richter	Richter
/wiki/Alexei_Alexeyevich_Abrikosov	Abrikosov
/wiki/Owen_Willans_Richardson	Willans
/wiki/David_J._Wineland	Wineland
/wiki/John_Cockcroft	Cockcroft
/wiki/Gerd_Binnig	Gerd Binnig
/wiki/Antony_Hewish	Hewish
/wiki/Paul_Dirac	Paul
/wiki/Victor_Francis_Hess	Hess
/wiki/Carlo_Rubbia	Carlo
/wiki/George_Smoot	George
/wiki/Albert_Einstein	Albert Einstein
/wiki/Daniel_Kleppner	Daniel Kleppner
/wiki/Donald_A._Glaser	Donald A. Glaser
/wiki/Val_Logsdon_Fitch	Val Logsdon Fitch
/wiki/C._V._Raman	C.
/wiki/Claude_Cohen-Tannoudji	Claude
/wiki/Saul_Perlmutter	Saul Perlmutter
/wiki/Leon_M._Lederman	M.
/wiki/Steven_Chu	Steven Chu
/wiki/Frits_Zernike	Zernike
/wiki/Mario_J._Molina	Mario J. Molina
/wiki/Wilhelm_Wien	Wilhelm
/wiki/Martin_Ryle	Ryle
/wiki/Charles_Thomson_Rees_Wilson	Rees
/wiki/Wolfgang_Paul	Wolfgang
/wiki/Richard_E._Taylor	Richard E. Taylor
/wiki/Charles_Glover_Barkla	Charles Glover Barkla
/wiki/Eugene_Wigner	Eugene Wigner
/wiki/Russell_Alan_Hulse	Alan
/wiki/Lev_Landau	Landau
/wiki/Brian_Schmidt	Schmidt
/wiki/Riccardo_Giacconi	Giacconi
/wiki/Zhores_Alferov	Zhores Alferov
/wiki/Victor_Francis_Hess	Francis
/wiki/Daniel_Kleppner	Kleppner
/wiki/Alexei_Alexeyevich_Abrikosov	Alexei
/wiki/Werner_Heisenberg	Heisenberg
/wiki/Daniel_C._Tsui	Daniel C. Tsui
/wiki/Frank_Wilczek	Frank Wilczek
/wiki/Peter_Higgs	Higgs
/wiki/Valentine_Telegdi	Telegdi
/wiki/Richard_Feynman	Feynman
/wiki/Arthur_Compton	Arthur
/wiki/Charles_Glover_Barkla	Glover
/wiki/Gerd_Binnig	Gerd
/wiki/Ernest_Walton	Ernest
/wiki/Melvin_Schwartz	Melvin Schwartz
/wiki/Saul_Perlmutter	Saul
/wiki/Alexander_Prokhorov	Alexander Prokhorov
/wiki/Robert_Andrews_Millikan	Robert Andrews Millikan
/wiki/Alain_Aspect	Alain Aspect
/wiki/David_J._Thouless	David J. Thouless
/wiki/Percy_Williams_Bridgman	Percy
/wiki/Max_Born	Born
/wiki/Tsung-Dao_Lee	T. D. Lee
/wiki/Heike_Kamerlingh_Onnes	Kamerlingh
/wiki/Maria_Goeppert-Mayer	Goeppert-Mayer
/wiki/Victor_Francis_Hess	Victor
/wiki/Makoto_Kobayashi_(physicist)	Makoto
/wiki/Willis_Lamb	Willis Lamb
/wiki/Hans_Georg_Dehmelt	Dehmelt
/wiki/Juan_Ignacio_Cirac_Sasturain	Ignacio
/wiki/Robert_Brout	Robert
/wiki/Burton_Richter	Burton Richter
/wiki/Russell_Alan_Hulse	Russell Alan Hulse
/wiki/Luis_Walter_Alvarez	Alvarez
/wiki/Herbert_Friedman	Herbert Friedman
/wiki/Isidor_Isaac_Rabi	Isaac
/wiki/Martinus_J._G._Veltman	Veltman
/wiki/John_C._Mather	John C. Mather
/wiki/Leo_Kadanoff	Leo Kadanoff
/wiki/Pieter_Zeeman	Pieter
/wiki/Wilhelm_Wien	Wilhelm Wien
/wiki/Felix_Bloch	Bloch
/wiki/Walter_Houser_Brattain	Houser
/wiki/Erwin_Hahn	Erwin Hahn
/wiki/James_Cronin	Cronin
/wiki/Frits_Zernike	Frits
/wiki/Klaus_von_Klitzing	von
/wiki/Maurice_Goldhaber	Maurice Goldhaber
/wiki/Albert_J._Libchaber	Albert J. Libchaber
/wiki/Klaus_von_Klitzing	Klaus
/wiki/Ben_Roy_Mottelson	Ben
/wiki/Theodore_Maiman	Maiman
/wiki/Pyotr_Kapitsa	Pyotr
/wiki/Hugh_David_Politzer	Politzer
/wiki/Roger_Penrose	Roger
/wiki/Martinus_J._G._Veltman	G.
/wiki/Seamus_Heaney	Seamus
/wiki/Edward_Mills_Purcell	Purcell
/wiki/Jean_Baptiste_Perrin	Baptiste
/wiki/Eugene_Wigner	Wigner
/wiki/Albert_J._Libchaber	Libchaber
/wiki/Carlo_Rubbia	Carlo Rubbia
/wiki/Nevill_Francis_Mott	Nevill Francis Mott
/wiki/Johannes_Diderik_van_der_Waals	der
/wiki/Henri_Becquerel	Becquerel
/wiki/Samuel_C._C._Ting	Samuel C. C. Ting
/wiki/Albert_Fert	Fert
/wiki/Heike_Kamerlingh_Onnes	Heike Kamerlingh Onnes
/wiki/Eric_F._Wieschaus	F.
/wiki/Serge_Haroche	Serge Haroche
/wiki/Wilhelm_Wien	Wien
/wiki/Isidor_Isaac_Rabi	Isidor
/wiki/Brian_Schmidt	Brian
/wiki/Leon_Cooper	Leon Cooper
/wiki/Bruno_Rossi	Bruno
/wiki/Joseph_Hooton_Taylor,_Jr.	Joseph Hooton Taylor
/wiki/John_Robert_Schrieffer	John Robert Schrieffer
/wiki/Robert_Coleman_Richardson	Coleman
/wiki/Walter_Houser_Brattain	Walter
/wiki/Walter_Houser_Brattain	Walter Houser Brattain
/wiki/Louis_de_Broglie	Broglie
/wiki/Hideki_Yukawa	Yukawa
/wiki/Charles_Glover_Barkla	Barkla
/wiki/Benoit_Mandelbrot	Benoit
/wiki/Kai_Siegbahn	Kai
/wiki/Roger_Penrose	Penrose
/wiki/Charles_K._Kao	Kao
/wiki/Kenneth_G._Wilson	Kenneth G. Wilson
/wiki/Jack_Kilby	Jack
/wiki/Robert_Brout	Robert Brout
/wiki/William_Henry_Bragg	William Henry Bragg
/wiki/Guglielmo_Marconi	Marconi
/wiki/Wolfgang_Ketterle	Wolfgang Ketterle
/wiki/John_Archibald_Wheeler	John Wheeler
/wiki/Philipp_Lenard	Philipp
/wiki/Robert_Lucas,_Jr.	Lucas
/wiki/John_L._Hall	L.
/wiki/Arthur_Compton	Compton
/wiki/Max_von_Laue	Laue
/wiki/James_Bjorken	James Bjorken
/wiki/Martin_Ryle	Martin
/wiki/Claude_Cohen-Tannoudji	Cohen-Tannoudji
/wiki/Raymond_Davis,_Jr.	Raymond
/wiki/James_Rainwater	James Rainwater
/wiki/Karl_Ferdinand_Braun	Karl Ferdinand Braun
/wiki/Philipp_Lenard	Lenard
/wiki/Simon_van_der_Meer	Van der Meer
/wiki/Eric_F._Wieschaus	Eric
/wiki/Murray_Gell-Mann	Murray Gell-Mann
/wiki/Knut_Urban	Knut
/wiki/Willard_Boyle	Willard Boyle
/wiki/Tsung-Dao_Lee	Tsung-Dao Lee
/wiki/John_Hasbrouck_Van_Vleck	Hasbrouck
/wiki/Ernest_Lawrence	Ernest Lawrence
/wiki/Charles_Thomson_Rees_Wilson	Wilson
/wiki/William_Alfred_Fowler	Fowler
/wiki/George_E._Smith	Smith
/wiki/William_Daniel_Phillips	Phillips
/wiki/Simon_van_der_Meer	Simon
/wiki/Steven_Chu	Chu
/wiki/Yoichiro_Nambu	Yoichiro Nambu
/wiki/Gustav_Ludwig_Hertz	Ludwig
/wiki/Knut_Urban	Urban
/wiki/Mitchell_Feigenbaum	Mitchell Feigenbaum
/wiki/Niels_Bohr	N. Bohr
/wiki/Jerome_Isaac_Friedman	Friedman
/wiki/George_Smoot	George Smoot
/wiki/Manne_Siegbahn	M. Siegbahn
/wiki/Toshihide_Maskawa	Maskawa
/wiki/Luis_Walter_Alvarez	Luis
/wiki/John_Bardeen	Bardeen
/wiki/Yakir_Aharonov	Yakir
/wiki/Jacob_Bekenstein	Bekenstein
/wiki/James_Franck	James Franck
/wiki/Dennis_Gabor	Gabor
/wiki/Michael_Fisher	Michael
/wiki/Herbert_Kroemer	Herbert
/wiki/Johannes_Stark	Stark
/wiki/Murray_Gell-Mann	Gell-Mann
/wiki/Frank_Sherwood_Rowland	Rowland
/wiki/Bertrand_Halperin	Halperin
/wiki/Maurice_Goldhaber	Maurice
/wiki/Vitaly_Ginzburg	Ginzburg
/wiki/Eric_F._Wieschaus	Eric F. Wieschaus
/wiki/Nikolay_Basov	Nikolay Basov
/wiki/Peter_Hirsch	Peter Hirsch
/wiki/Georg_Bednorz	Bednorz
/wiki/Frederick_Reines	Frederick Reines
/wiki/Peter_Zoller	Zoller
/wiki/Benoit_Mandelbrot	Benoît Mandelbrot
/wiki/Johannes_Diderik_van_der_Waals	Johannes Diderik van der Waals
/wiki/Edward_Mills_Purcell	Mills
/wiki/James_Chadwick	James Chadwick
/wiki/Martin_Lewis_Perl	Perl
/wiki/Joseph_Rotblat	Joseph
/wiki/Ben_Roy_Mottelson	Mottelson
/wiki/Hans_Georg_Dehmelt	Hans Georg Dehmelt
/wiki/Sheldon_Lee_Glashow	Glashow
/wiki/Gustav_Ludwig_Hertz	Gustav
/wiki/George_E._Smith	E.
/wiki/George_Paget_Thomson	George Paget Thomson
/wiki/Bertram_Brockhouse	Brockhouse
/wiki/Alexei_Alexeyevich_Abrikosov	Alexeyevich
/wiki/Samuel_C._C._Ting	Samuel
/wiki/Ernest_Walton	Ernest Walton
/wiki/William_Shockley	William
/wiki/Pavel_Cherenkov	Pavel Cherenkov
/wiki/Werner_Heisenberg	Werner
/wiki/Robert_Lucas,_Jr.	Robert Lucas
/wiki/Otto_Stern	Otto Stern
/wiki/Klaus_von_Klitzing	von Klitzing
/wiki/Shuji_Nakamura	Shuji
/wiki/Arno_Allan_Penzias	Penzias
/wiki/William_Lawrence_Bragg	William Lawrence Bragg
/wiki/William_Shockley	Shockley
/wiki/Hideki_Yukawa	Hideki Yukawa
/wiki/Andre_Geim	Andre Geim
/wiki/Joseph_Hooton_Taylor,_Jr.	Hooton
/wiki/James_Rainwater	Rainwater
/wiki/Simon_van_der_Meer	Meer
/wiki/Juan_Ignacio_Cirac_Sasturain	Juan Ignacio Cirac
/wiki/Clinton_Davisson	Clinton
/wiki/Joseph_Rotblat	Rotblat
/wiki/Nevill_Francis_Mott	Nevill
/wiki/Julian_Schwinger	Julian
/wiki/Owen_Chamberlain	Owen
/wiki/Chien-Shiung_Wu	Chien-Shiung Wu
/wiki/Clifford_Shull	Clifford Shull
/wiki/James_Bjorken	Bjorken
/wiki/Pierre-Gilles_de_Gennes	Gennes
/wiki/Philip_Warren_Anderson	Philip Warren Anderson
/wiki/Norman_Foster_Ramsey,_Jr.	Norman Foster Ramsey
/wiki/Willis_Lamb	Lamb
/wiki/Leon_Cooper	Cooper
/wiki/Douglas_Osheroff	Douglas Osheroff
/wiki/Arthur_Compton	Arthur Compton
/wiki/Sheldon_Lee_Glashow	Sheldon Lee Glashow
/wiki/John_L._Hall	John L. Hall
/wiki/Hugh_David_Politzer	Hugh
/wiki/Charles_K._Kao	K.
/wiki/Gustav_Ludwig_Hertz	Hertz
/wiki/John_Hasbrouck_Van_Vleck	John Hasbrouck Van Vleck
/wiki/Robert_B._Laughlin	Laughlin
/wiki/Anthony_James_Leggett	Anthony
/wiki/Clinton_Davisson	Clinton Davisson
/wiki/Steven_Weinberg	Weinberg
/wiki/Max_Planck	Max Planck
/wiki/Percy_Williams_Bridgman	Percy Williams Bridgman
/wiki/Jack_Steinberger	Jack Steinberger
/wiki/Clinton_Davisson	Davisson
/wiki/Vitaly_Ginzburg	Vitaly Ginzburg
/wiki/Edward_B._Lewis	Edward B. Lewis
/wiki/Robert_Coleman_Richardson	Robert Coleman Richardson
/wiki/Joseph_Hooton_Taylor,_Jr.	J. Taylor
/wiki/Isamu_Akasaki	Akasaki
/wiki/Alexander_Prokhorov	Alexander
/wiki/Heike_Kamerlingh_Onnes	Onnes
/wiki/Felix_Bloch	Felix Bloch
/wiki/Charles_Thomson_Rees_Wilson	C. Wilson
/wiki/Patrick_Blackett,_Baron_Blackett	Patrick
/wiki/Georg_Bednorz	Georg
/wiki/Raymond_Davis,_Jr.	Raymond Davis
/wiki/Peter_Higgs	Peter Higgs
/wiki/Heinrich_Rohrer	Heinrich Rohrer
/wiki/Saul_Perlmutter	Perlmutter
/wiki/Arno_Allan_Penzias	Allan
/wiki/Gabriel_Lippmann	Gabriel Lippmann
/wiki/Norman_Foster_Ramsey,_Jr.	Foster
/wiki/Alain_Aspect	Aspect
/wiki/Burton_Richter	Burton
/wiki/Peter_Higgs	Peter
/wiki/Gerd_Binnig	Binnig
/wiki/Richard_Feynman	Richard
/wiki/Igor_Tamm	Tamm
/wiki/Anton_Zeilinger	Anton
/wiki/Peter_Hirsch	Hirsch
/wiki/Robert_Woodrow_Wilson	Robert Woodrow Wilson
/wiki/Johannes_Stark	Johannes
/wiki/Hans_Bethe	Hans Bethe
/wiki/Aage_Bohr	A. Bohr
/wiki/Percy_Williams_Bridgman	Williams
/wiki/Polykarp_Kusch	Polykarp Kusch
/wiki/Brian_Schmidt	Brian Schmidt
/wiki/William_Alfred_Fowler	William Alfred Fowler
/wiki/Zhores_Alferov	Zhores
/wiki/Albert_Fert	Albert
/wiki/Robert_Brout	Brout
/wiki/Leon_M._Lederman	Leon M. Lederman
/wiki/Roger_Penrose	Roger Penrose
/wiki/John_L._Hall	Hall
/wiki/Guglielmo_Marconi	Guglielmo
/wiki/Stephen_Hawking	Stephen Hawking
/wiki/Ivar_Giaever	Ivar
/wiki/Arthur_Leonard_Schawlow	Schawlow
/wiki/Pierre-Gilles_de_Gennes	Pierre-Gilles
/wiki/John_Hasbrouck_Van_Vleck	Van Vleck
/wiki/Frederick_Reines	Frederick
/wiki/Yoichiro_Nambu	Nambu
/wiki/Johannes_Diderik_van_der_Waals	Diderik
/wiki/Ernst_Ruska	Ernst
/wiki/Giuseppe_Occhialini	Giuseppe
/wiki/J._Hans_D._Jensen	D.
/wiki/Herbert_Kroemer	Herbert Kroemer
/wiki/Philipp_Lenard	Philipp Lenard
/wiki/Walter_Houser_Brattain	Brattain
/wiki/Jacob_Bekenstein	Jacob Bekenstein
/wiki/Edward_B._Lewis	Lewis
/wiki/Hendrik_Lorentz	Hendrik Lorentz
/wiki/Donald_A._Glaser	Donald
/wiki/Makoto_Kobayashi_(physicist)	Kobayashi
/wiki/Martinus_J._G._Veltman	Martinus
/wiki/Ivar_Giaever	Ivar Giaever
/wiki/Conyers_Herring	Herring
/wiki/Owen_Willans_Richardson	O. Richardson
/wiki/Wolfgang_Ketterle	Ketterle
/wiki/David_Gross	David Gross
/wiki/Pierre-Gilles_de_Gennes	Pierre-Gilles de Gennes
/wiki/Masatoshi_Koshiba	Masatoshi Koshiba
/wiki/Richard_E._Taylor	R. Taylor
/wiki/Abdus_Salam	Abdus
/wiki/Stephen_Hawking	Stephen
/wiki/Albert_Fert	Albert Fert
/wiki/Owen_Chamberlain	Chamberlain
/wiki/C._V._Raman	Raman
/wiki/Freeman_Dyson	Freeman
/wiki/Pierre_Curie	P. Curie
/wiki/Theodore_Maiman	Theodore
/wiki/Georges_Charpak	Georges Charpak
/wiki/Ernest_Walton	Walton
/wiki/Herbert_Kroemer	Kroemer
/wiki/Enrico_Fermi	Enrico Fermi
/wiki/Henri_Becquerel	Henri Becquerel
/wiki/Jacob_Bekenstein	Jacob
/wiki/Michael_Fisher	Fisher
/wiki/Walther_Bothe	Walther Bothe
/wiki/Louis_de_Broglie	Louis
/wiki/Pierre-Gilles_de_Gennes	de
/wiki/Hugh_David_Politzer	Hugh David Politzer
/wiki/Stephen_Hawking	Hawking
/wiki/James_Chadwick	Chadwick
/wiki/Robert_Kirshner	Robert P. Kirshner
/wiki/Jack_Kilby	Jack Kilby
/wiki/J._J._Thomson	J. J. Thomson
/wiki/Riccardo_Giacconi	Riccardo
/wiki/Felix_Bloch	Felix
/wiki/Pyotr_Kapitsa	Kapitsa
/wiki/Hideki_Yukawa	Hideki
/wiki/Jack_Steinberger	Steinberger
/wiki/J._J._Thomson	J.
/wiki/Hendrik_Lorentz	Lorentz
/wiki/Charles_Thomson_Rees_Wilson	Charles Thomson Rees Wilson
/wiki/Jerome_Isaac_Friedman	Jerome
/wiki/Clifford_Shull	Clifford
/wiki/Leo_Kadanoff	Kadanoff
/wiki/James_Franck	Franck
/wiki/Frank_Sherwood_Rowland	F. Sherwood Rowland
/wiki/Eric_Allin_Cornell	Eric Allin Cornell
/wiki/Jack_Kilby	Kilby
/wiki/Jean_Baptiste_Perrin	Jean Baptiste Perrin
/wiki/Guglielmo_Marconi	Guglielmo Marconi
/wiki/Carl_David_Anderson	Anderson
/wiki/Victor_Francis_Hess	Victor Francis Hess
/wiki/Murray_Gell-Mann	Murray
/wiki/Wolfgang_Pauli	Pauli
/wiki/Johannes_Diderik_van_der_Waals	Waals
/wiki/Gustav_Ludwig_Hertz	Gustav Ludwig Hertz
/wiki/John_L._Hall	John
/wiki/Edward_Victor_Appleton	Appleton
/wiki/Percy_Williams_Bridgman	Bridgman
/wiki/J._Hans_D._Jensen	Jensen
/wiki/Seamus_Heaney	Heaney
/wiki/Steven_Weinberg	Steven Weinberg
/wiki/Patrick_Blackett,_Baron_Blackett	Patrick Blackett
/wiki/John_C._Mather	Mather
/wiki/Johannes_Diderik_van_der_Waals	Van der Waals
/wiki/Roy_J._Glauber	Roy J. Glauber
/wiki/Leon_M._Lederman	Lederman
/wiki/Antony_Hewish	Antony Hewish
/wiki/John_Archibald_Wheeler	Archibald
/wiki/Arno_Allan_Penzias	Arno
/wiki/Isidor_Isaac_Rabi	Isidor Isaac Rabi
/wiki/Louis_de_Broglie	Louis de Broglie
/wiki/Arthur_B._McDonald	McDonald
/wiki/Val_Logsdon_Fitch	Fitch
/wiki/Charles_Thomson_Rees_Wilson	Thomson
/wiki/Benoit_Mandelbrot	Benoit Mandelbrot
/wiki/Seamus_Heaney	Seamus Heaney
/wiki/Kai_Siegbahn	Siegbahn
/wiki/David_Lee_(physicist)	David Lee 
/wiki/Bruno_Rossi	Rossi
/wiki/Robert_Kirshner	Kirshner
/wiki/Robert_Hofstadter	Robert Hofstadter
/wiki/James_Bjorken	James D. Bjorken
/wiki/Willis_Lamb	Willis
/wiki/Maria_Goeppert-Mayer	Maria Goeppert-Mayer
/wiki/Nicolaas_Bloembergen	Bloembergen
/wiki/Pieter_Zeeman	Pieter Zeeman
/wiki/Henry_Way_Kendall	Way
/wiki/Hans_Bethe	Bethe
/wiki/Sin-Itiro_Tomonaga	Sin-Itiro Tomonaga
/wiki/Martin_Ryle	Martin Ryle
/wiki/Ilya_Frank	Ilya Frank
/wiki/Edward_Mills_Purcell	Edward Mills Purcell
/wiki/Jean_Baptiste_Perrin	Perrin
/wiki/Sin-Itiro_Tomonaga	Sin-Itiro
/wiki/Bruno_Rossi	Bruno Rossi
/wiki/Carl_Wieman	Carl
/wiki/Toshihide_Maskawa	Toshihide
/wiki/Julian_Schwinger	Julian Schwinger
/wiki/Polykarp_Kusch	Polykarp
/wiki/Willard_Boyle	Willard
/wiki/Marie_Curie	M. Curie
/wiki/Brian_Josephson	Josephson
/wiki/Bertram_Brockhouse	Bertram
/wiki/Niels_Bohr	Niels
/wiki/Yoichiro_Nambu	Yoichiro
/wiki/Ivar_Giaever	Giaever
/wiki/Chen-Ning_Yang	Yang
/wiki/Douglas_Osheroff	Douglas
/wiki/Toshihide_Maskawa	Toshihide Maskawa
/wiki/Robert_Coleman_Richardson	Richardson
/wiki/Walther_Bothe	Walther
/wiki/John_Bardeen	John Bardeen
/wiki/Frits_Zernike	Frits Zernike
/wiki/Kenneth_G._Wilson	Kenneth
/wiki/Eric_Allin_Cornell	Allin
/wiki/Russell_Alan_Hulse	Hulse
/wiki/Alexei_Alexeyevich_Abrikosov	Alexei Alexeyevich Abrikosov
/wiki/Max_Planck	Planck
/wiki/David_Gross	Gross
/wiki/Nikolay_Basov	Basov
/wiki/Chen-Ning_Yang	Chen-Ning Yang
/wiki/Abdus_Salam	Abdus Salam
/wiki/Julian_Schwinger	Schwinger
/wiki/Paul_J._Crutzen	Crutzen
/wiki/Carl_David_Anderson	Carl David Anderson
/wiki/Conyers_Herring	Conyers Herring
/wiki/Nicolaas_Bloembergen	Nicolaas Bloembergen
/wiki/Juan_Ignacio_Cirac_Sasturain	Sasturain
/wiki/Kenneth_G._Wilson	K. Wilson
/wiki/Ilya_Frank	Ilya
/wiki/C._V._Raman	V.
/wiki/George_Smoot	Smoot
/wiki/Werner_Heisenberg	Werner Heisenberg
/wiki/Max_von_Laue	Max von Laue
/wiki/James_Franck	James
/wiki/Simon_van_der_Meer	Simon van der Meer
/wiki/Marie_Curie	Marie Curie
/wiki/Tsung-Dao_Lee	Tsung-Dao
/wiki/Donald_A._Glaser	Glaser
/wiki/Carl_Wieman	Wieman
/wiki/Bertrand_Halperin	Bertrand
/wiki/George_Paget_Thomson	G. P. Thomson
/wiki/Leo_Esaki	Esaki
/wiki/Marie_Curie	Curie
/wiki/Pavel_Cherenkov	Cherenkov
/wiki/Antony_Hewish	Antony
/wiki/Mitchell_Feigenbaum	Mitchell
/wiki/Patrick_Blackett,_Baron_Blackett	Blackett
/wiki/James_Cronin	James Cronin
/wiki/Ernst_Ruska	Ruska
/wiki/Pierre_Curie	Pierre
/wiki/Manne_Siegbahn	Manne
/wiki/Otto_Stern	Stern
/wiki/J._Hans_D._Jensen	J. Hans D. Jensen
/wiki/Dennis_Gabor	Dennis
/wiki/Karl_Ferdinand_Braun	Karl
/wiki/Adam_Riess	Adam
/wiki/Frank_Wilczek	Wilczek
/wiki/William_Henry_Bragg	W. H. Bragg
/wiki/Russell_Alan_Hulse	Russell
/wiki/Sheldon_Lee_Glashow	Sheldon
/wiki/William_Lawrence_Bragg	W. L. Bragg
/wiki/Conyers_Herring	Conyers
/wiki/C._V._Raman	C. V. Raman
/wiki/Giuseppe_Occhialini	Occhialini
/wiki/Daniel_C._Tsui	Daniel
/wiki/Kai_Siegbahn	Kai Siegbahn
/wiki/Mitchell_Feigenbaum	Feigenbaum
/wiki/Giuseppe_Occhialini	Giuseppe Occhialini
/wiki/Luis_Walter_Alvarez	Luis Walter Alvarez
/wiki/Heike_Kamerlingh_Onnes	Kamerlingh Onnes
/wiki/Daniel_C._Tsui	Tsui
/wiki/Chien-Shiung_Wu	Chien-Shiung
/wiki/Isamu_Akasaki	Isamu Akasaki
/wiki/Arthur_Leonard_Schawlow	Leonard
/wiki/John_William_Strutt,_3rd_Baron_Rayleigh	John William Strutt
/wiki/Heike_Kamerlingh_Onnes	Heike
/wiki/Bertram_Brockhouse	Bertram Brockhouse
/wiki/Owen_Chamberlain	Owen Chamberlain
/wiki/Philip_Warren_Anderson	Philip
/wiki/Robert_Andrews_Millikan	Andrews
/wiki/Wolfgang_Pauli	Wolfgang Pauli
/wiki/Subrahmanyan_Chandrasekhar	Subrahmanyan Chandrasekhar
/wiki/Edward_Victor_Appleton	Edward Victor Appleton
/wiki/Paul_Dirac	Dirac
/wiki/Georges_Charpak	Georges
/wiki/Val_Logsdon_Fitch	Logsdon
/wiki/Frederick_Reines	Reines
/wiki/Gabriel_Lippmann	Gabriel
/wiki/Douglas_Osheroff	Osheroff
/wiki/Riccardo_Giacconi	Riccardo Giacconi
/wiki/Abdus_Salam	Salam
/wiki/Enrico_Fermi	Fermi
/wiki/Bertrand_Halperin	Bertrand Halperin
/wiki/Frank_Sherwood_Rowland	Sherwood
/wiki/David_Lee_(physicist)	D. Lee
/wiki/Robert_Hofstadter	Hofstadter
/wiki/Melvin_Schwartz	Schwartz
/wiki/Adam_Riess	Riess
/wiki/Edward_B._Lewis	B.
/wiki/Walther_Bothe	Bothe
/wiki/Nikolay_Basov	Nikolay
/wiki/Dan_Shechtman	Dan Shechtman
/wiki/Steven_Chu	Steven
/wiki/Arno_Allan_Penzias	Arno Allan Penzias
/wiki/Richard_Feynman	Richard Feynman
/wiki/Carl_Wieman	Carl Wieman
/wiki/Philip_Warren_Anderson	Warren
/wiki/Robert_Woodrow_Wilson	R. Wilson
/wiki/Subrahmanyan_Chandrasekhar	Subrahmanyan
/wiki/Samuel_C._C._Ting	Ting
/wiki/Alfred_Kastler	Alfred
/wiki/Isidor_Isaac_Rabi	Rabi
/wiki/Serge_Haroche	Serge
/wiki/Eugene_Wigner	Eugene
/wiki/Sheldon_Lee_Glashow	Lee
/wiki/Aage_Bohr	Aage Bohr
/wiki/Frank_Wilczek	Frank
/wiki/Robert_Woodrow_Wilson	Woodrow
/wiki/Leo_Esaki	Leo
/wiki/Max_Born	Max Born
/wiki/Lev_Landau	Lev
/wiki/Henry_Way_Kendall	Henry Way Kendall
/wiki/Masatoshi_Koshiba	Masatoshi
/wiki/John_Robert_Schrieffer	Schrieffer
/wiki/Polykarp_Kusch	Kusch
/wiki/David_Gross	David
/wiki/Frank_Sherwood_Rowland	Frank Sherwood Rowland
/wiki/Raymond_Davis,_Jr.	Davis
/wiki/Owen_Willans_Richardson	Owen Willans Richardson
/wiki/Henry_Way_Kendall	Kendall
/wiki/Richard_E._Taylor	Taylor
/wiki/Igor_Tamm	Igor
/wiki/Freeman_Dyson	Dyson
/wiki/Valentine_Telegdi	Valentine
/wiki/Roy_J._Glauber	Roy
/wiki/Mario_J._Molina	Molina
/wiki/Yakir_Aharonov	Aharonov
/wiki/William_Daniel_Phillips	William Daniel Phillips
/wiki/Louis_de_Broglie	De Broglie
/wiki/Pyotr_Kapitsa	Pyotr Kapitsa
/wiki/Maurice_Goldhaber	Goldhaber
/wiki/Johannes_Stark	Johannes Stark
/wiki/Pierre_Curie	Pierre Curie
/wiki/Subrahmanyan_Chandrasekhar	Chandrasekhar
/wiki/Eric_Allin_Cornell	Cornell
/wiki/Juan_Ignacio_Cirac_Sasturain	Juan
/wiki/Michael_Fisher	Michael Fisher
/wiki/Otto_Stern	Otto
/wiki/Pavel_Cherenkov	Pavel
/wiki/Charles_K._Kao	Charles K. Kao
/wiki/Shuji_Nakamura	Nakamura
/wiki/Shuji_Nakamura	Shuji Nakamura
/wiki/Alfred_Kastler	Alfred Kastler
/wiki/Anton_Zeilinger	Zeilinger
/wiki/Dan_Shechtman	Shechtman
/wiki/Johannes_Diderik_van_der_Waals	van
/wiki/Norman_Foster_Ramsey,_Jr.	Norman
/wiki/Ernest_Lawrence	Lawrence
/wiki/Carl_David_Anderson	C. D. Anderson
/wiki/John_Archibald_Wheeler	Wheeler
/wiki/Alain_Aspect	Alain
/wiki/Theodore_Maiman	Theodore Maiman
/wiki/Klaus_von_Klitzing	Klitzing
/wiki/Sin-Itiro_Tomonaga	Tomonaga
/wiki/Norman_Foster_Ramsey,_Jr.	Ramsey
/wiki/Ben_Roy_Mottelson	Ben Roy Mottelson
/wiki/Hans_Bethe	Hans
/wiki/George_E._Smith	George E. Smith
/wiki/Niels_Bohr	Niels Bohr
/wiki/Vitaly_Ginzburg	Vitaly
/wiki/Nicolaas_Bloembergen	Nicolaas
/wiki/Igor_Tamm	Igor Tamm
/wiki/Anthony_James_Leggett	Anthony James Leggett
/wiki/Ernst_Ruska	Ernst Ruska
/wiki/Juan_Ignacio_Cirac_Sasturain	Juan Ignacio Cirac Sasturain
/wiki/Andre_Geim	Andre
/wiki/Pieter_Zeeman	Zeeman
/wiki/Aage_Bohr	Bohr
/wiki/Jean_Baptiste_Perrin	Jean
/wiki/Knut_Urban	Knut Urban
/wiki/Aage_Bohr	Aage
/wiki/Juan_Ignacio_Cirac_Sasturain	Cirac
/wiki/John_Hasbrouck_Van_Vleck	Vleck
/wiki/Robert_Kirshner	Robert Kirshner
/wiki/Benoit_Mandelbrot	Mandelbrot
/wiki/Serge_Haroche	Haroche
/wiki/Leon_Cooper	Leon
/wiki/Klaus_von_Klitzing	Klaus von Klitzing
/wiki/Philip_Warren_Anderson	P. W. Anderson
/wiki/Albert_Einstein	Einstein
/wiki/Chen-Ning_Yang	C. N. Yang
/wiki/Andre_Geim	Geim
/wiki/William_Henry_Bragg	Bragg
/wiki/Edward_B._Lewis	Edward
/wiki/Karl_Ferdinand_Braun	Ferdinand
/wiki/Anthony_James_Leggett	Anthony Leggett
/wiki/Jerome_Isaac_Friedman	Jerome Isaac Friedman
/wiki/Paul_J._Crutzen	Paul J. Crutzen
/wiki/Arthur_B._McDonald	Arthur B. McDonald
/wiki/Max_Born	Max
/wiki/Makoto_Kobayashi_(physicist)	Makoto Kobayashi 
/wiki/Donald_A._Glaser	A.
/wiki/Mario_J._Molina	Mario
/wiki/Eric_F._Wieschaus	Wieschaus
/wiki/Arthur_Leonard_Schawlow	Arthur Leonard Schawlow
/wiki/William_Shockley	William Shockley
/wiki/David_J._Thouless	Thouless
/wiki/George_Paget_Thomson	Paget
/wiki/Marie_Curie	Marie
/wiki/Heinrich_Rohrer	Heinrich
/wiki/Maria_Goeppert-Mayer	Maria
/wiki/Masatoshi_Koshiba	Koshiba
/wiki/Martinus_J._G._Veltman	Martinus J. G. Veltman
/wiki/Kai_Siegbahn	K. Siegbahn
/wiki/John_Archibald_Wheeler	John Archibald Wheeler
/wiki/Pierre-Gilles_de_Gennes	de Gennes
/wiki/Erwin_Hahn	Hahn
/wiki/David_J._Wineland	David J. Wineland
/wiki/Leo_Esaki	Leo Esaki
/wiki/Charles_K._Kao	Charles
/wiki/Brian_Josephson	Brian Josephson
/wiki/Zhores_Alferov	Alferov
/wiki/Yakir_Aharonov	Yakir Aharonov
/wiki/Anton_Zeilinger	Anton Zeilinger
/wiki/Nevill_Francis_Mott	Mott
/wiki/Robert_Coleman_Richardson	R. Richardson
/wiki/Joseph_Rotblat	Joseph Rotblat
/wiki/Melvin_Schwartz	Melvin
/wiki/Peter_Zoller	Peter Zoller
/wiki/Adam_Riess	Adam Riess
