/wiki/Derek_Barton	Derek Barton
/wiki/Lars_Onsager	Lars
/wiki/David_Keilin	David Keilin
/wiki/Robert_Curl	Robert Curl
/wiki/Frank_Macfarlane_Burnet	Burnet
/wiki/John_Pople	John Pople
/wiki/Roger_Y._Tsien	Tsien
/wiki/Frederick_Sanger	Frederick Sanger
/wiki/Stanford_Moore	Stanford Moore
/wiki/Alexander_R._Todd,_Baron_Todd	Alexander R. Todd
/wiki/James_B._Sumner	Sumner
/wiki/Artturi_Ilmari_Virtanen	Artturi
/wiki/Herbert_C._Brown	Brown
/wiki/Hans_Fischer	Hans Fischer
/wiki/Ilya_Prigogine	Ilya Prigogine
/wiki/Dan_Shechtman	Dan
/wiki/Kurt_Alder	Alder
/wiki/Donald_J._Cram	Donald J. Cram
/wiki/Ronald_Fisher	Ronald
/wiki/Hartmut_Michel	Michel
/wiki/Alan_MacDiarmid	Alan MacDiarmid
/wiki/Max_Perutz	Perutz
/wiki/Linus_Pauling	Linus Pauling
/wiki/Kary_Mullis	Kary Mullis
/wiki/Fritz_Pregl	Pregl
/wiki/Robert_Huber	Robert Huber
/wiki/Paul_Dirac	Paul Dirac
/wiki/Henri_Moissan	Henri
/wiki/Melvin_Calvin	Calvin
/wiki/Henry_Taube	Henry
/wiki/Tomas_Lindahl	Lindahl
/wiki/Thomas_Cech	Thomas
/wiki/Theodore_William_Richards	Theodore William Richards
/wiki/Hartmut_Michel	Hartmut Michel
/wiki/Frank_Fenner	Fenner
/wiki/Roderick_MacKinnon	Roderick
/wiki/Paul_Berg	Paul
/wiki/George_Porter	George
/wiki/Glenn_T._Seaborg	Glenn T. Seaborg
/wiki/Abdus_Salam	Abdus
/wiki/Howard_Florey	Howard
/wiki/Ahmed_Zewail	Zewail
/wiki/Georg_Wittig	Georg
/wiki/Mario_J._Molina	Mario J. Molina
/wiki/Wilhelm_Ostwald	Wilhelm
/wiki/Hugh_Huxley	Hugh Huxley
/wiki/Luis_Federico_Leloir	Leloir
/wiki/Peter_Medawar	Medawar
/wiki/Rodney_Robert_Porter	Rodney Robert Porter
/wiki/Robert_Bruce_Merrifield	Bruce
/wiki/Ada_Yonath	Yonath
/wiki/Alan_Cottrell	Alan
/wiki/Luis_Federico_Leloir	Federico
/wiki/James_Watson	James D. Watson
/wiki/Paul_Berg	Berg
/wiki/Peter_D._Mitchell	Peter D. Mitchell
/wiki/Francis_Crick	Francis
/wiki/Arthur_Harden	Arthur Harden
/wiki/Irwin_Rose	Irwin
/wiki/Elias_James_Corey	Elias Corey
/wiki/Richard_Adolf_Zsigmondy	Richard Zsigmondy
/wiki/Arthur_Harden	Arthur
/wiki/Robert_S._Mulliken	Robert S. Mulliken
/wiki/Avram_Hershko	Hershko
/wiki/Richard_Kuhn	Kuhn
/wiki/Ernest_Rutherford	Ernest
/wiki/Paul_D._Boyer	Boyer
/wiki/Harry_Kroto	Harold Kroto
/wiki/Hermann_Emil_Fischer	Fischer
/wiki/Friedrich_Bergius	Friedrich Bergius
/wiki/Alfred_Werner	Alfred Werner
/wiki/Karl_Ziegler	Ziegler
/wiki/Ilya_Prigogine	Ilya
/wiki/Robin_Hill_(biochemist)	Robin Hill
/wiki/Adolf_Otto_Reinhold_Windaus	Adolf Windaus
/wiki/Roderick_MacKinnon	Roderick MacKinnon
/wiki/Victor_Grignard	Victor
/wiki/Giulio_Natta	Giulio
/wiki/John_Maynard_Smith	Maynard
/wiki/Robert_Curl	Robert
/wiki/Lars_Onsager	Lars Onsager
/wiki/Charles_J._Pedersen	Pedersen
/wiki/Friedrich_Bergius	Friedrich
/wiki/Robert_S._Mulliken	S.
/wiki/Kary_Mullis	Mullis
/wiki/Sidney_Altman	Sidney Altman
/wiki/Henri_Moissan	Moissan
/wiki/Francis_William_Aston	Aston
/wiki/Fritz_Pregl	Fritz
/wiki/George_Porter	George Porter
/wiki/Venkatraman_Ramakrishnan	Ramakrishnan
/wiki/Hartmut_Michel	Hartmut
/wiki/Edwin_McMillan	Edwin
/wiki/Ei-ichi_Negishi	Ei-ichi Negishi
/wiki/Sydney_Chapman_(mathematician)	Sydney Chapman 
/wiki/Otto_Diels	Otto Diels
/wiki/Walther_Nernst	Nernst
/wiki/Charles_J._Pedersen	Charles J. Pedersen
/wiki/Roger_Y._Tsien	Roger
/wiki/Ernest_Rutherford	Ernest Rutherford
/wiki/Howard_Florey	Florey
/wiki/Thomas_Cech	Cech
/wiki/Avram_Hershko	Avram
/wiki/Andrew_Huxley	Andrew Huxley
/wiki/Abdus_Salam	Abdus Salam
/wiki/Koichi_Tanaka	Koichi
/wiki/Nevill_Francis_Mott	Nevill Francis Mott
/wiki/Jens_Christian_Skou	Jens
/wiki/Walter_Gilbert	Walter Gilbert
/wiki/Johann_Deisenhofer	Johann
/wiki/Richard_F._Heck	F.
/wiki/Paul_Fildes	Fildes
/wiki/Friedrich_Bergius	Bergius
/wiki/Brian_Kobilka	Brian
/wiki/Theodor_Svedberg	Theodor Svedberg
/wiki/John_Howard_Northrop	John Howard Northrop
/wiki/Adolf_Otto_Reinhold_Windaus	Windaus
/wiki/Walter_Kohn	Walter
/wiki/John_Edensor_Littlewood	John Edensor Littlewood
/wiki/Irving_Langmuir	Irving
/wiki/Jean-Marie_Lehn	Lehn
/wiki/Hideki_Shirakawa	Hideki Shirakawa
/wiki/Robert_H._Grubbs	H.
/wiki/Brian_Kobilka	Brian Kobilka
/wiki/Harold_Urey	Urey
/wiki/Artturi_Ilmari_Virtanen	Artturi Ilmari Virtanen
/wiki/Hermann_Emil_Fischer	Emil
/wiki/Eduard_Buchner	Buchner
/wiki/Paul_L._Modrich	L.
/wiki/Ian_Heilbron	Heilbron
/wiki/Aaron_Ciechanover	Aaron Ciechanover
/wiki/Martin_Karplus	Martin
/wiki/Ronald_George_Wreyford_Norrish	Ronald Norrish
/wiki/Manfred_Eigen	Eigen
/wiki/Roger_Y._Tsien	Y.
/wiki/Hans_Adolf_Krebs	Hans Adolf Krebs
/wiki/Irving_Langmuir	Langmuir
/wiki/Linus_Pauling	Linus
/wiki/Michael_Smith_(chemist)	Smith
/wiki/Dudley_R._Herschbach	Dudley
/wiki/Richard_Laurence_Millington_Synge	Laurence
/wiki/Elias_James_Corey	Elias
/wiki/Roald_Hoffmann	Roald
/wiki/Hermann_Staudinger	Hermann
/wiki/Tomas_Lindahl	Tomas
/wiki/Rodney_Robert_Porter	Rodney
/wiki/William_Howard_Stein	Stein
/wiki/William_Lipscomb	William Lipscomb
/wiki/Ian_Heilbron	Ian Heilbron
/wiki/William_Standish_Knowles	William Knowles
/wiki/Henry_Taube	Taube
/wiki/Roger_Y._Tsien	Roger Y. Tsien
/wiki/Max_Perutz	Max Perutz
/wiki/Koichi_Tanaka	Tanaka
/wiki/Luis_Federico_Leloir	Luis
/wiki/Robert_Burns_Woodward	Burns
/wiki/Harry_Kroto	Harry Kroto
/wiki/Cyril_Norman_Hinshelwood	Hinshelwood
/wiki/Rudolph_A._Marcus	Rudolph A. Marcus
/wiki/Michael_Levitt	Michael
/wiki/Herbert_C._Brown	Herbert
/wiki/Ei-ichi_Negishi	Negishi
/wiki/William_Howard_Stein	William Stein
/wiki/Richard_Adolf_Zsigmondy	Richard Adolf Zsigmondy
/wiki/Ronald_George_Wreyford_Norrish	Ronald George Wreyford Norrish
/wiki/Geoffrey_Wilkinson	Geoffrey Wilkinson
/wiki/Gerhard_Ertl	Gerhard
/wiki/Frank_Sherwood_Rowland	Rowland
/wiki/Robin_Hill_(biochemist)	Robin
/wiki/Linus_Pauling	Pauling
/wiki/Tomas_Lindahl	Tomas Lindahl
/wiki/Bernard_Katz	Katz
/wiki/Eduard_Buchner	Eduard Buchner
/wiki/Karl_Barry_Sharpless	Sharpless
/wiki/Alexander_R._Todd,_Baron_Todd	Alexander Todd
/wiki/Svante_Arrhenius	Svante Arrhenius
/wiki/Walther_Nernst	Walther Nernst
/wiki/Adolf_Otto_Reinhold_Windaus	Adolf Otto Reinhold Windaus
/wiki/Wendell_Meredith_Stanley	Stanley
/wiki/Vladimir_Prelog	Prelog
/wiki/Marie_Curie	Marie Curie
/wiki/Harry_Kroto	Kroto
/wiki/Irwin_Rose	Rose
/wiki/Willard_Libby	Willard
/wiki/Michael_Smith_(chemist)	Michael Smith
/wiki/Norman_Haworth	Haworth
/wiki/Derek_Barton	Derek
/wiki/William_Howard_Stein	William Howard Stein
/wiki/Vincent_du_Vigneaud	Vincent du Vigneaud
/wiki/William_Giauque	William Giauque
/wiki/Georg_Wittig	Georg Wittig
/wiki/Otto_Hahn	Hahn
/wiki/W._V._D._Hodge	W. V. D. Hodge
/wiki/Robert_Huber	Huber
/wiki/Norman_Pirie	Norman Pirie
/wiki/Alan_J._Heeger	J.
/wiki/William_Ramsay	William
/wiki/Aaron_Klug	Aaron Klug
/wiki/Ahmed_Zewail	Ahmed Zewail
/wiki/Yves_Chauvin	Yves
/wiki/Yves_Chauvin	Chauvin
/wiki/David_Keilin	Keilin
/wiki/Carl_Bosch	Carl Bosch
/wiki/Dan_Shechtman	Shechtman
/wiki/Sydney_Chapman_(mathematician)	Chapman
/wiki/Theodor_Svedberg	Theodor
/wiki/William_Lawrence_Bragg	William Lawrence Bragg
/wiki/Stefan_Hell	Hell
/wiki/Heinrich_Otto_Wieland	Heinrich Wieland
/wiki/Nevill_Francis_Mott	Nevill
/wiki/Sydney_Brenner	Brenner
/wiki/Kurt_Alder	Kurt Alder
/wiki/Alan_J._Heeger	Alan J. Heeger
/wiki/Svante_Arrhenius	Arrhenius
/wiki/Robert_Curl	Curl
/wiki/Osamu_Shimomura	Osamu Shimomura
/wiki/Robin_Hill_(biochemist)	Robin Hill 
/wiki/Paul_Sabatier_(chemist)	Sabatier
/wiki/Cyril_Norman_Hinshelwood	Cyril
/wiki/Adolf_Butenandt	Adolf
/wiki/Harold_Jeffreys	Harold Jeffreys
/wiki/Hugh_Huxley	Hugh
/wiki/Hans_Adolf_Krebs	Krebs
/wiki/Manfred_Eigen	Manfred
/wiki/Walter_Gilbert	Gilbert
/wiki/Alan_R._Battersby	Alan R. Battersby
/wiki/Jerome_Karle	Jerome Karle
/wiki/Sidney_Altman	Altman
/wiki/Richard_Adolf_Zsigmondy	Zsigmondy
/wiki/Alexander_R._Todd,_Baron_Todd	Alexander
/wiki/Ahmed_Zewail	Ahmed
/wiki/Wendell_Meredith_Stanley	Meredith
/wiki/Patrick_Blackett,_Baron_Blackett	Patrick
/wiki/Kurt_Alder	Kurt
/wiki/Yuan_T._Lee	Yuan
/wiki/Peter_Agre	Peter Agre
/wiki/Richard_Laurence_Millington_Synge	Millington
/wiki/Hans_von_Euler-Chelpin	Hans von Euler-Chelpin
/wiki/Peter_Debye	Debye
/wiki/Peter_Agre	Peter
/wiki/James_Lighthill	James Lighthill
/wiki/Herbert_C._Brown	Herbert C. Brown
/wiki/Richard_Kuhn	Richard
/wiki/Ernst_Otto_Fischer	Ernst Otto Fischer
/wiki/Donald_J._Cram	Cram
/wiki/Ada_Yonath	Ada E. Yonath
/wiki/Aaron_Ciechanover	Ciechanover
/wiki/Christian_B._Anfinsen	Christian
/wiki/Rudolf_Peierls	Peierls
/wiki/Albert_Kluyver	Albert
/wiki/Elias_James_Corey	Elias James Corey
/wiki/Giulio_Natta	Giulio Natta
/wiki/Roderick_MacKinnon	MacKinnon
/wiki/George_de_Hevesy	Hevesy
/wiki/Alan_Lloyd_Hodgkin	Lloyd
/wiki/Peter_Medawar	Peter Medawar
/wiki/Frederick_Soddy	Frederick
/wiki/Venkatraman_Ramakrishnan	Venkatraman
/wiki/Nevill_Francis_Mott	Mott
/wiki/Michael_Smith_(chemist)	Michael Smith 
/wiki/Ernst_Otto_Fischer	Ernst
/wiki/W._V._D._Hodge	D.
/wiki/Kenichi_Fukui	Fukui
/wiki/Richard_R._Ernst	Richard R. Ernst
/wiki/Paul_D._Boyer	Paul D. Boyer
/wiki/Stefan_Hell	Stefan Hell
/wiki/Michael_Levitt	Levitt
/wiki/Donald_J._Cram	Donald
/wiki/Albert_Kluyver	Kluyver
/wiki/Paul_Karrer	Paul Karrer
/wiki/Adolf_Butenandt	Butenandt
/wiki/Ian_Heilbron	Ian
/wiki/Roald_Hoffmann	Roald Hoffmann
/wiki/Karl_Barry_Sharpless	Barry
/wiki/E._T._Whittaker	Whittaker
/wiki/Jerome_Karle	Karle
/wiki/Michael_Levitt	Michael Levitt
/wiki/Johann_Deisenhofer	Johann Deisenhofer
/wiki/Sydney_Chapman_(mathematician)	Sydney Chapman
/wiki/Robin_Hill_(biochemist)	Hill
/wiki/Koichi_Tanaka	Koichi Tanaka
/wiki/Francis_William_Aston	Francis William Aston
/wiki/Geoffrey_Wilkinson	Wilkinson
/wiki/Arieh_Warshel	Arieh Warshel
/wiki/Ilya_Prigogine	Prigogine
/wiki/Hermann_Emil_Fischer	Hermann Emil Fischer
/wiki/Bernard_Katz	Bernard Katz
/wiki/Theodore_William_Richards	Theodore
/wiki/Yves_Chauvin	Yves Chauvin
/wiki/Venkatraman_Ramakrishnan	Venkatraman Ramakrishnan
/wiki/Ronald_Fisher	Fisher
/wiki/Alan_Cottrell	Alan Cottrell
/wiki/Willard_Libby	Libby
/wiki/Richard_Smalley	Richard Smalley
/wiki/Frederick_Charles_Frank	Frederick Charles Frank
/wiki/George_de_Hevesy	de
/wiki/Fritz_Haber	Haber
/wiki/Richard_F._Heck	Heck
/wiki/Harold_Jeffreys	Jeffreys
/wiki/Paul_L._Modrich	Modrich
/wiki/William_Standish_Knowles	Standish
/wiki/Vincent_du_Vigneaud	du
/wiki/Otto_Diels	Diels
/wiki/John_Howard_Northrop	John Northrop
/wiki/Stanford_Moore	Moore
/wiki/W._V._D._Hodge	W.
/wiki/Hideki_Shirakawa	Hideki
/wiki/Francis_Crick	Crick
/wiki/Paul_Flory	Paul Flory
/wiki/Alfred_Werner	Werner
/wiki/Wilhelm_Ostwald	Wilhelm Ostwald
/wiki/Richard_R._Schrock	Richard R. Schrock
/wiki/Robert_H._Grubbs	Robert H. Grubbs
/wiki/Frederick_Sanger	Sanger
/wiki/Jerome_Karle	Jerome
/wiki/Aaron_Klug	Klug
/wiki/John_Maynard_Smith	John Maynard Smith
/wiki/Hideki_Shirakawa	Shirakawa
/wiki/Robert_Burns_Woodward	Robert Woodward
/wiki/Herbert_A._Hauptman	Hauptman
/wiki/Ronald_George_Wreyford_Norrish	Wreyford
/wiki/Sydney_Brenner	Sydney
/wiki/W._V._D._Hodge	V.
/wiki/John_Pople	John
/wiki/Harold_Urey	Harold Urey
/wiki/Frank_Macfarlane_Burnet	Frank Macfarlane Burnet
/wiki/Jean-Marie_Lehn	Jean-Marie
/wiki/George_de_Hevesy	George de Hevesy
/wiki/Robert_Bruce_Merrifield	Merrifield
/wiki/Johann_Deisenhofer	Deisenhofer
/wiki/Patrick_Blackett,_Baron_Blackett	Patrick Blackett
/wiki/Theodore_William_Richards	Richards
/wiki/William_Standish_Knowles	William Standish Knowles
/wiki/Hugh_Huxley	Huxley
/wiki/Heinrich_Otto_Wieland	Heinrich Otto Wieland
/wiki/Alan_J._Heeger	Heeger
/wiki/George_Andrew_Olah	Olah
/wiki/Arthur_Harden	Harden
/wiki/Wendell_Meredith_Stanley	Wendell Meredith Stanley
/wiki/Robert_Bruce_Merrifield	Robert Merrifield
/wiki/Arne_Tiselius	Arne
/wiki/Adolf_Butenandt	Adolf Butenandt
/wiki/Dorothy_Hodgkin	Hodgkin
/wiki/Osamu_Shimomura	Osamu
/wiki/Alan_Lloyd_Hodgkin	Alan Lloyd Hodgkin
/wiki/Edwin_McMillan	McMillan
/wiki/John_Howard_Northrop	Northrop
/wiki/Albert_Kluyver	Albert Kluyver
/wiki/Paul_Karrer	Karrer
/wiki/Alexander_R._Todd,_Baron_Todd	Todd
/wiki/Jens_Christian_Skou	Skou
/wiki/Stefan_Hell	Stefan
/wiki/Sidney_Altman	Sidney
/wiki/Michael_Atiyah	Atiyah
/wiki/Robert_Burns_Woodward	Robert Burns Woodward
/wiki/Frank_Sherwood_Rowland	Sherwood
/wiki/Richard_Kuhn	Richard Kuhn
/wiki/Roger_D._Kornberg	Roger D. Kornberg
/wiki/Victor_Grignard	Grignard
/wiki/Paul_Sabatier_(chemist)	Paul Sabatier
/wiki/Nikolay_Semyonov	Nikolay Semyonov
/wiki/Cyril_Norman_Hinshelwood	Cyril Norman Hinshelwood
/wiki/Vladimir_Prelog	Vladimir Prelog
/wiki/Gerhard_Herzberg	Herzberg
/wiki/Frank_Macfarlane_Burnet	Macfarlane
/wiki/Herbert_C._Brown	C.
/wiki/Kenichi_Fukui	Kenichi
/wiki/Gerhard_Herzberg	Gerhard Herzberg
/wiki/Paul_Fildes	Paul Fildes
/wiki/Victor_Grignard	Victor Grignard
/wiki/Dudley_R._Herschbach	Herschbach
/wiki/Theodor_Svedberg	Svedberg
/wiki/William_Standish_Knowles	Knowles
/wiki/John_Polanyi	John Polanyi
/wiki/Vincent_du_Vigneaud	Vigneaud
/wiki/Paul_J._Crutzen	Paul J. Crutzen
/wiki/Irving_Langmuir	Irving Langmuir
/wiki/Jean-Marie_Lehn	Jean-Marie Lehn
/wiki/Vincent_du_Vigneaud	Vincent
/wiki/Paul_Flory	Flory
/wiki/Paul_Sabatier_(chemist)	Paul Sabatier 
/wiki/Walther_Nernst	Walther
/wiki/John_Pople	Pople
/wiki/Manfred_Eigen	Manfred Eigen
/wiki/Artturi_Ilmari_Virtanen	Ilmari
/wiki/Richard_R._Schrock	Schrock
/wiki/Kenichi_Fukui	Kenichi Fukui
/wiki/Artturi_Ilmari_Virtanen	Virtanen
/wiki/Francis_William_Aston	Francis Aston
/wiki/Karl_Barry_Sharpless	K. Barry Sharpless
/wiki/Jens_Christian_Skou	Jens Christian Skou
/wiki/Adolf_von_Baeyer	Adolf von Baeyer
/wiki/Hermann_Emil_Fischer	Emil Fischer
/wiki/Frederick_Soddy	Frederick Soddy
/wiki/Adolf_von_Baeyer	von
/wiki/Rudolph_A._Marcus	Rudolph
/wiki/Paul_J._Crutzen	Crutzen
/wiki/William_Lipscomb	Lipscomb
/wiki/Ada_Yonath	Ada Yonath
/wiki/Osamu_Shimomura	Shimomura
/wiki/George_Andrew_Olah	George Olah
/wiki/Francis_Crick	Francis Crick
/wiki/Paul_L._Modrich	Paul L. Modrich
/wiki/George_Andrew_Olah	George Andrew Olah
/wiki/Alan_Cottrell	Cottrell
/wiki/Georg_Wittig	Wittig
/wiki/Richard_Laurence_Millington_Synge	Richard Laurence Millington Synge
/wiki/Adolf_Otto_Reinhold_Windaus	Reinhold
/wiki/Rudolph_A._Marcus	Marcus
/wiki/James_Lighthill	Lighthill
/wiki/William_Ramsay	William Ramsay
/wiki/Marie_Curie	Curie
/wiki/Otto_Hahn	Otto Hahn
/wiki/Peter_D._Mitchell	Mitchell
/wiki/Patrick_Blackett,_Baron_Blackett	Blackett
/wiki/Luis_Federico_Leloir	Luis Federico Leloir
/wiki/Gerhard_Ertl	Ertl
/wiki/Kary_Mullis	Kary
/wiki/Peter_Debye	Peter Debye
/wiki/Cyril_Norman_Hinshelwood	Cyril Hinshelwood
/wiki/John_Edensor_Littlewood	Littlewood
/wiki/E._T._Whittaker	E. T. Whittaker
/wiki/Karl_Ziegler	Karl
/wiki/Andrew_Huxley	Andrew
/wiki/Bernard_Katz	Bernard
/wiki/Melvin_Calvin	Melvin Calvin
/wiki/Richard_R._Ernst	R.
/wiki/Rodney_Robert_Porter	Porter
/wiki/Odd_Hassel	Odd Hassel
/wiki/Hermann_Staudinger	Staudinger
/wiki/Ronald_George_Wreyford_Norrish	Norrish
/wiki/Eduard_Buchner	Eduard
/wiki/Heinrich_Otto_Wieland	Wieland
/wiki/William_Ramsay	Ramsay
/wiki/Richard_F._Heck	Richard F. Heck
/wiki/Subrahmanyan_Chandrasekhar	Subrahmanyan Chandrasekhar
/wiki/Paul_Dirac	Dirac
/wiki/James_Watson	James
/wiki/Thomas_A._Steitz	Thomas A. Steitz
/wiki/Abdus_Salam	Salam
/wiki/Odd_Hassel	Hassel
/wiki/Brian_Kobilka	Kobilka
/wiki/Rudolf_Peierls	Rudolf
/wiki/John_Polanyi	Polanyi
/wiki/Ronald_Fisher	Ronald Fisher
/wiki/Michael_Atiyah	Michael Atiyah
/wiki/Richard_Laurence_Millington_Synge	Synge
/wiki/Richard_Smalley	Smalley
/wiki/Wilhelm_Ostwald	Ostwald
/wiki/James_B._Sumner	B.
/wiki/Nikolay_Semyonov	Nikolay
/wiki/Dan_Shechtman	Dan Shechtman
/wiki/Rudolf_Peierls	Rudolf Peierls
/wiki/Peter_Agre	Agre
/wiki/Henri_Moissan	Henri Moissan
/wiki/Nikolay_Semyonov	Semyonov
/wiki/John_E._Walker	John E. Walker
/wiki/Subrahmanyan_Chandrasekhar	Subrahmanyan
/wiki/Geoffrey_Wilkinson	Geoffrey
/wiki/Alfred_Werner	Alfred
/wiki/John_Kendrew	John Kendrew
/wiki/Edwin_McMillan	Edwin McMillan
/wiki/Yuan_T._Lee	Yuan T. Lee
/wiki/Roald_Hoffmann	Hoffmann
/wiki/Yuan_T._Lee	Lee
/wiki/John_Cornforth	Cornforth
/wiki/Frank_Fenner	Frank
/wiki/Arne_Tiselius	Tiselius
/wiki/James_Watson	James Watson
/wiki/Arieh_Warshel	Arieh
/wiki/Robert_S._Mulliken	Mulliken
/wiki/Henry_Taube	Henry Taube
/wiki/Ernest_Rutherford	Rutherford
/wiki/Derek_Barton	Barton
/wiki/Adolf_von_Baeyer	Baeyer
/wiki/David_Keilin	David
/wiki/Elias_James_Corey	Corey
/wiki/Frank_Sherwood_Rowland	Frank Sherwood Rowland
/wiki/Robert_Lefkowitz	Robert Lefkowitz
/wiki/Avram_Hershko	Avram Hershko
/wiki/Theodore_William_Richards	Theodore Richards
/wiki/Otto_Wallach	Otto Wallach
/wiki/Glenn_T._Seaborg	Glenn
/wiki/Martin_Chalfie	Martin Chalfie
/wiki/Wendell_Meredith_Stanley	Wendell
/wiki/Mario_J._Molina	Molina
/wiki/Dorothy_Hodgkin	Dorothy
/wiki/Martin_Karplus	Martin Karplus
/wiki/Fritz_Pregl	Fritz Pregl
/wiki/Karl_Barry_Sharpless	Karl Barry Sharpless
/wiki/Arieh_Warshel	Warshel
/wiki/Martin_Chalfie	Chalfie
/wiki/Christian_B._Anfinsen	Anfinsen
/wiki/Giulio_Natta	Natta
/wiki/Subrahmanyan_Chandrasekhar	Chandrasekhar
/wiki/Richard_Laurence_Millington_Synge	Richard Synge
/wiki/Otto_Wallach	Wallach
/wiki/Christian_B._Anfinsen	Christian B. Anfinsen
/wiki/Ei-ichi_Negishi	Ei-ichi
/wiki/Aaron_Klug	Aaron
/wiki/Otto_Hahn	Otto
/wiki/Ada_Yonath	Ada
/wiki/Herbert_A._Hauptman	Herbert A. Hauptman
/wiki/John_Kendrew	Kendrew
/wiki/Carl_Bosch	Bosch
/wiki/Harold_Urey	Harold
/wiki/Fritz_Haber	Fritz Haber
/wiki/Norman_Pirie	Norman
/wiki/William_Lawrence_Bragg	Lawrence
/wiki/Alan_R._Battersby	Alan Battersby
/wiki/Hans_Fischer	Hans
/wiki/Arne_Tiselius	Arne Tiselius
/wiki/Paul_Berg	Paul Berg
/wiki/Lars_Onsager	Onsager
/wiki/Carl_Bosch	Carl
/wiki/W._V._D._Hodge	Hodge
/wiki/Willard_Libby	Willard Libby
/wiki/Norman_Haworth	Norman Haworth
/wiki/Walter_Kohn	Walter Kohn
/wiki/Harry_Kroto	Harry
/wiki/John_E._Walker	Walker
/wiki/Thomas_Cech	Thomas Cech
/wiki/Svante_Arrhenius	Svante
/wiki/Sydney_Brenner	Sydney Brenner
/wiki/Dorothy_Hodgkin	Dorothy Hodgkin
/wiki/Robert_Burns_Woodward	Woodward
/wiki/Hans_von_Euler-Chelpin	Euler-Chelpin
/wiki/Alan_MacDiarmid	MacDiarmid
/wiki/Odd_Hassel	Odd
/wiki/Frank_Fenner	Frank Fenner
/wiki/William_Giauque	Giauque
/wiki/Thomas_A._Steitz	Steitz
/wiki/Glenn_T._Seaborg	Seaborg
/wiki/William_Lawrence_Bragg	Bragg
/wiki/Alan_R._Battersby	Battersby
/wiki/Frank_Sherwood_Rowland	Frank Rowland
/wiki/Norman_Pirie	Pirie
/wiki/Max_Perutz	Max
/wiki/John_Cornforth	John Cornforth
/wiki/Rudolph_A._Marcus	A.
/wiki/Dudley_R._Herschbach	Dudley R. Herschbach
/wiki/Mario_J._Molina	Mario
/wiki/James_Watson	Watson
/wiki/Robert_H._Grubbs	Grubbs
/wiki/Marie_Curie	Marie
/wiki/Heinrich_Otto_Wieland	Heinrich
/wiki/Howard_Florey	Howard Florey
/wiki/Vladimir_Prelog	Vladimir
/wiki/Stanford_Moore	Stanford
/wiki/Roger_D._Kornberg	Kornberg
/wiki/Irwin_Rose	Irwin Rose
/wiki/E._T._Whittaker	T.
/wiki/E._T._Whittaker	E.
/wiki/Robert_Lefkowitz	Lefkowitz
/wiki/Hermann_Staudinger	Hermann Staudinger
/wiki/John_Edensor_Littlewood	Edensor
/wiki/Gerhard_Ertl	Gerhard Ertl
/wiki/Robert_Bruce_Merrifield	Robert Bruce Merrifield
/wiki/Charles_J._Pedersen	Charles
/wiki/Walter_Kohn	Kohn
/wiki/Artturi_Ilmari_Virtanen	Artturi Virtanen
/wiki/Karl_Ziegler	Karl Ziegler
/wiki/James_B._Sumner	James B. Sumner
/wiki/Martin_Karplus	Karplus
/wiki/Melvin_Calvin	Melvin
/wiki/Frederick_Soddy	Soddy
