/wiki/Vinod_Khosla	Vinod Khosla
/wiki/Vaughan_Pratt	Vaughan Pratt
/wiki/Scott_McNealy	McNealy
/wiki/Vinod_Khosla	Khosla
/wiki/Vinod_Khosla	Vinod
/wiki/Bill_Joy	Bill Joy
/wiki/Bill_Joy	Bill
/wiki/Scott_McNealy	Scott McNealy
/wiki/Andy_Bechtolsheim	Andy Bechtolsheim
/wiki/Vaughan_Pratt	Pratt
/wiki/Andy_Bechtolsheim	Andy
/wiki/Bill_Joy	Joy
/wiki/Scott_McNealy	Scott
/wiki/Andy_Bechtolsheim	Bechtolsheim
/wiki/Vaughan_Pratt	Vaughan
