/wiki/Robert_Muldoon	Robert Muldoon
/wiki/Michael_Joseph_Savage	Savage
/wiki/Rua_Kenana_Hepetipa	Rua
/wiki/Ralph_Hotere	Ralph Hotere
/wiki/Charles_Heaphy	Heaphy
/wiki/David_Lange	Lange
/wiki/Colin_Meads	Colin Meads
/wiki/Fred_Hollows	Hollows
/wiki/Bernard_Freyberg,_1st_Baron_Freyberg	Bernard
/wiki/Peter_Mahon_(lawyer)	Peter Mahon 
/wiki/Hone_Heke	Hone Heke
/wiki/Norman_Kirk	Norman
/wiki/Te_Whiti_o_Rongomai	Whiti
/wiki/Rewi_Alley	Rewi Alley
/wiki/Jack_Lovelock	Jack Lovelock
/wiki/George_Nepia	George Nepia
/wiki/Edward_Gibbon_Wakefield	Gibbon
/wiki/Bill_Hamilton_(engineer)	Bill Hamilton
/wiki/Colin_McCahon	Colin McCahon
/wiki/Janet_Frame	Janet Frame
/wiki/Harold_Gillies	Sir Harold Gillies
/wiki/Raybon_Kan	Raybon
/wiki/Hongi_Hika	Hika
/wiki/Bernard_Freyberg,_1st_Baron_Freyberg	Sir Bernard Freyberg
/wiki/Hone_Heke	Heke
/wiki/Murray_Halberg	Halberg
/wiki/Helen_Clark	Helen
/wiki/Alan_MacDiarmid	Alan MacDiarmid
/wiki/Alfred_Hamish_Reed	Reed
/wiki/Toss_Woollaston	Mountford "Toss" Woollaston
/wiki/Jean_Batten	Jean Batten
/wiki/John_Clarke_(satirist)	Clarke
/wiki/Samuel_Marsden	Marsden
/wiki/C._E._Beeby	C. E. Beeby
/wiki/John_Rangihau	John Rangihau
/wiki/T._W._Ratana	T. W. Ratana
/wiki/Colin_Murdoch	Colin Murdoch
/wiki/Te_Puea_Herangi	Te Puea Herangi
/wiki/Michael_King	Michael
/wiki/Michael_Joseph_Savage	Michael Joseph Savage
/wiki/C._F._Goldie	Goldie
/wiki/Denny_Hulme	Denny
/wiki/Brian_Barratt-Boyes	Barratt-Boyes
/wiki/Kiri_Te_Kanawa	Dame Kiri Te Kanawa
/wiki/Edward_Gibbon_Wakefield	Edward Gibbon Wakefield
/wiki/Aunt_Daisy	Aunt
/wiki/Jonah_Lomu	Lomu
/wiki/Te_Rauparaha	Te Rauparaha
/wiki/Rua_Kenana_Hepetipa	Rua Kenana Hepetipa
/wiki/David_Low_(cartoonist)	David Low
/wiki/Witi_Ihimaera	Witi Ihimaera
/wiki/John_Rangihau	John Te Rangianiwaniwa Rangihau
/wiki/Roger_Douglas	Roger Douglas
/wiki/Thomas_Ellison	Thomas
/wiki/David_Low_(cartoonist)	Low
/wiki/Keith_Sinclair	Sinclair
/wiki/Julius_Vogel	Vogel
/wiki/Maurice_Wilkins	Maurice
/wiki/Richard_Hadlee	Richard Hadlee
/wiki/Raybon_Kan	Raybon Kan
/wiki/Russell_Crowe	Crowe
/wiki/Rewi_Alley	Alley
/wiki/Witi_Ihimaera	Witi
/wiki/Russell_Coutts	Coutts
/wiki/Samuel_Marsden	Samuel Marsden
/wiki/Tim_Finn	Finn
/wiki/William_Hayward_Pickering	William Pickering
/wiki/Suzanne_Aubert	Suzanne
/wiki/Kate_Sheppard	Kate
/wiki/William_Hobson	Hobson
/wiki/Peter_Jackson	Jackson
/wiki/Mabel_Howard	Howard
/wiki/Te_Whiti_o_Rongomai	Rongomai
/wiki/Kate_Sheppard	Sheppard
/wiki/John_A._Lee	Lee
/wiki/Michael_Joseph_Savage	Joseph
/wiki/Murray_Halberg	Murray
/wiki/Alfred_Hamish_Reed	Alfred
/wiki/Rudall_Hayward	Rudall Hayward
/wiki/John_Minto	John
/wiki/Arthur_Lydiard	Arthur Lydiard
/wiki/William_Hayward_Pickering	Hayward
/wiki/Mabel_Howard	Mabel Howard
/wiki/William_Soltau_Davidson	Soltau
/wiki/C._E._Beeby	E.
/wiki/Janet_Frame	Janet
/wiki/George_Nepia	Nepia
/wiki/T._W._Ratana	W.
/wiki/Jean_Batten	Batten
/wiki/Frank_Sargeson	Frank Sargeson
/wiki/Samuel_Marsden	Samuel
/wiki/Keith_Park	Park
/wiki/Alan_MacDiarmid	Alan
/wiki/Jonah_Lomu	Jonah
/wiki/William_Hobson	William
/wiki/Julius_Vogel	Julius
/wiki/Dave_Dobbyn	Dave
/wiki/Bill_Hamilton_(engineer)	Hamilton
/wiki/Te_Puea_Herangi	Herangi
/wiki/Whina_Cooper	Whina Cooper
/wiki/Frank_Sargeson	Sargeson
/wiki/Katherine_Mansfield	Katherine Mansfield
/wiki/Keith_Park	Keith
/wiki/James_Fletcher_(industrialist)	Fletcher
/wiki/Michael_King	King
/wiki/Bill_Hamilton_(engineer)	Bill
/wiki/Bernard_Freyberg,_1st_Baron_Freyberg	Bernard Freyberg
/wiki/Keith_Sinclair	Keith Sinclair
/wiki/Ernest_Rutherford	Rutherford
/wiki/Russell_Crowe	Russell
/wiki/Peter_Snell	Snell
/wiki/David_Lange	David
/wiki/Peter_Mahon_(lawyer)	Peter Mahon
/wiki/Arthur_Lydiard	Arthur
/wiki/Kate_Sheppard	Kate Sheppard
/wiki/Frances_Hodgkins	Frances Hodgkins
/wiki/Murray_Halberg	Murray Halberg
/wiki/Ernest_Rutherford	Ernest
/wiki/David_Low_(cartoonist)	David Low 
/wiki/John_Clarke_(satirist)	John Clarke 
/wiki/Michael_King	Michael King
/wiki/C._E._Beeby	C.
/wiki/Charles_Heaphy	Charles Heaphy
/wiki/Alan_MacDiarmid	MacDiarmid
/wiki/Neil_Finn	Neil
/wiki/Suzanne_Aubert	Aubert
/wiki/Helen_Clark	Clark
/wiki/Witi_Ihimaera	Ihimaera
/wiki/Te_Whiti_o_Rongomai	o
/wiki/George_Grey	George
/wiki/Richard_Seddon	Seddon
/wiki/Archibald_McIndoe	Archibald
/wiki/Peter_Jackson	Peter Jackson
/wiki/C._F._Goldie	F.
/wiki/Harold_Gillies	Harold Gillies
/wiki/Toss_Woollaston	Toss Woollaston
/wiki/C._F._Goldie	Charles Goldie
/wiki/Hongi_Hika	Hongi
/wiki/Hone_Heke	Hone
/wiki/Kiri_Te_Kanawa	Kiri Te Kanawa
/wiki/Whina_Cooper	Cooper
/wiki/Kiri_Te_Kanawa	Kanawa
/wiki/Suzanne_Aubert	Suzanne Aubert
/wiki/Archibald_McIndoe	Archibald McIndoe
/wiki/Robert_Muldoon	Robert
/wiki/Marie_Clay	Clay
/wiki/John_Minto	Minto
/wiki/C._E._Beeby	C.E.  Beeby
/wiki/C._F._Goldie	C. F. Goldie
/wiki/Alfred_Hamish_Reed	A.H. Reed
/wiki/Norman_Kirk	Kirk
/wiki/Te_Rauparaha	Rauparaha
/wiki/Kiri_Te_Kanawa	Kiri
/wiki/Frances_Hodgkins	Frances
/wiki/Fred_Hollows	Fred
/wiki/Te_Kooti	Kooti
/wiki/William_Soltau_Davidson	Davidson
/wiki/T._W._Ratana	Ratana
/wiki/Rudall_Hayward	Rudall
/wiki/Harold_Gillies	Harold
/wiki/Dave_Dobbyn	Dave Dobbyn
/wiki/T._W._Ratana	Tahupotiki Wiremu Ratana
/wiki/Alison_Mau	Alison Mau
/wiki/Richard_Seddon	Richard Seddon
/wiki/Richard_Hadlee	Hadlee
/wiki/Maurice_Wilkins	Wilkins
/wiki/Te_Puea_Herangi	Puea
/wiki/Aunt_Daisy	Aunt Daisy
/wiki/Edmund_Hillary	Hillary
/wiki/Katherine_Mansfield	Katherine
/wiki/Peter_Snell	Peter Snell
/wiki/John_Clarke_(satirist)	John Clarke
/wiki/Bernard_Freyberg,_1st_Baron_Freyberg	Freyberg
/wiki/Katherine_Mansfield	Mansfield
/wiki/Georgina_Beyer	Georgina
/wiki/Harold_Gillies	Gillies
/wiki/George_Grey	George Grey
/wiki/Arthur_Lydiard	Lydiard
/wiki/John_A._Lee	John A. Lee
/wiki/Norman_Kirk	Norman Kirk
/wiki/Rewi_Alley	Rewi
/wiki/William_Hayward_Pickering	William Hayward Pickering
/wiki/Ralph_Hotere	Ralph
/wiki/Russell_Coutts	Russell Coutts
/wiki/Roger_Douglas	Roger
/wiki/Ernest_Rutherford	Ernest Rutherford
/wiki/Apirana_Ngata	Ngata
/wiki/Charles_Upham	Upham
/wiki/Jean_Batten	Jean
/wiki/Jonah_Lomu	Jonah Lomu
/wiki/Te_Kooti	Te Kooti
/wiki/Helen_Clark	Helen Clark
/wiki/John_Rangihau	Rangihau
/wiki/Tim_Finn	Tim
/wiki/Janet_Frame	Frame
/wiki/Thomas_Ellison	Ellison
/wiki/C._E._Beeby	Beeby
/wiki/Colin_Meads	Colin
/wiki/Edward_Gibbon_Wakefield	Edward
/wiki/Alfred_Hamish_Reed	Alfred Hamish Reed
/wiki/Frances_Hodgkins	Hodgkins
/wiki/Toss_Woollaston	Toss
/wiki/Thomas_Ellison	Thomas Ellison
/wiki/Peter_Snell	Peter
/wiki/Edmund_Hillary	Edmund Hillary
/wiki/Alison_Mau	Alison
/wiki/Truby_King	Truby
/wiki/Richard_Pearse	Pearse
/wiki/Richard_Hadlee	Richard
/wiki/James_Fletcher_(industrialist)	James Fletcher
/wiki/Colin_McCahon	McCahon
/wiki/Truby_King	Truby King
/wiki/Archibald_McIndoe	McIndoe
/wiki/Keith_Park	Keith Park
/wiki/Roger_Douglas	Douglas
/wiki/Brian_Barratt-Boyes	Brian
/wiki/William_Hayward_Pickering	Pickering
/wiki/Edmund_Hillary	Edmund
/wiki/Rua_Kenana_Hepetipa	Kenana
/wiki/Apirana_Ngata	Apirana
/wiki/Te_Kooti	Te
/wiki/Colin_Murdoch	Murdoch
/wiki/William_Hobson	William Hobson
/wiki/Georgina_Beyer	Georgina Beyer
/wiki/Alison_Mau	Mau
/wiki/Maurice_Wilkins	Maurice Wilkins
/wiki/Raybon_Kan	Kan
/wiki/Apirana_Ngata	Apirana Ngata
/wiki/John_A._Lee	A.
/wiki/Marie_Clay	Marie Clay
/wiki/Jack_Lovelock	Jack
/wiki/William_Soltau_Davidson	William Soltau Davidson
/wiki/James_Fletcher_(industrialist)	James
/wiki/Dave_Dobbyn	Dobbyn
/wiki/James_Fletcher_(industrialist)	James Fletcher 
/wiki/Marie_Clay	Marie
/wiki/Denny_Hulme	Denny Hulme
/wiki/Robert_Muldoon	Muldoon
/wiki/Hongi_Hika	Hongi Hika
/wiki/Colin_Meads	Meads
/wiki/Fred_Hollows	Fred Hollows
/wiki/Whina_Cooper	Whina
/wiki/Julius_Vogel	Julius Vogel
/wiki/George_Grey	Grey
/wiki/Edward_Gibbon_Wakefield	Wakefield
/wiki/T._W._Ratana	T.
/wiki/Richard_Pearse	Richard Pearse
/wiki/Aunt_Daisy	Daisy
/wiki/David_Lange	David Lange
/wiki/Te_Whiti_o_Rongomai	Te Whiti o Rongomai
/wiki/Neil_Finn	Neil Finn
/wiki/Toss_Woollaston	Woollaston
/wiki/Tim_Finn	Tim Finn
/wiki/Georgina_Beyer	Beyer
/wiki/Denny_Hulme	Hulme
/wiki/Jack_Lovelock	Lovelock
/wiki/Peter_Mahon_(lawyer)	Mahon
/wiki/Bill_Hamilton_(engineer)	Bill Hamilton 
/wiki/John_Minto	John Minto
/wiki/Charles_Upham	Charles
/wiki/Suzanne_Aubert	Mother Aubert
/wiki/Alfred_Hamish_Reed	Hamish
/wiki/Rua_Kenana_Hepetipa	Hepetipa
/wiki/Ralph_Hotere	Hotere
/wiki/Russell_Crowe	Russell Crowe
/wiki/Mabel_Howard	Mabel
/wiki/Frank_Sargeson	Frank
/wiki/Thomas_Ellison	Thomas Rangiwahia Ellison
/wiki/Brian_Barratt-Boyes	Brian Barratt-Boyes
/wiki/Charles_Upham	Charles Upham
