/wiki/Sonny_Weems	Sonny
/wiki/Ian_Mahinmi	Ian
/wiki/Jerel_Blassingame	Jerel Blassingame
/wiki/Marcin_Gortat	Marcin
/wiki/Rashad_McCants	McCants
/wiki/Marko_Tomas	Marko
/wiki/Kostas_Tsartsaris	Kostas Tsartsaris
/wiki/Linas_Kleiza	Kleiza
/wiki/Carlos_Delfino	Carlos Delfino
/wiki/Nestoras_Kommatos	Nestoras
/wiki/Lenny_White	White
/wiki/Alphonso_Ford	Ford
/wiki/Rashad_McCants	Rashad McCants
/wiki/Erazem_Lorbek	Erazem Lorbek
/wiki/Axel_Hervelle	Axel Hervelle
/wiki/Raymond_Felton	Raymond Felton
/wiki/Daniel_Ewing	Ewing
/wiki/Sean_May	Sean May
/wiki/Erazem_Lorbek	Lorbek
/wiki/Marvin_Williams	Marvin
/wiki/Chris_Paul	Chris Paul
/wiki/Robert_Whaley	Robert Whaley
/wiki/Panagiotis_Liadelis	Liadelis
/wiki/Goran_Jeretin	Goran
/wiki/Dominique_Wilkins	Dominique Wilkins
/wiki/Danny_Granger	Granger
/wiki/Jarrett_Jack	Jack
/wiki/Luther_Head	Luther
/wiki/Ike_Diogu	Ike
/wiki/Marko_Tomas	Marko Tomas
/wiki/Neven_Spahija	Neven
/wiki/Carlos_Delfino	Delfino
/wiki/Lawrence_Roberts_(basketball)	Roberts
/wiki/Omar_Cook	Cook
/wiki/Alex_Acker	Alex Acker
/wiki/Lawrence_Roberts_(basketball)	Lawrence Roberts 
/wiki/Martell_Webster	Webster
/wiki/Orien_Greene	Orien Greene
/wiki/Amir_Johnson	Amir
/wiki/Fragiskos_Alvertis	Alvertis
/wiki/Alex_Acker	Acker
/wiki/Mario_Kasun	Mario Kasun
/wiki/Salim_Stoudamire	Salim
/wiki/Ike_Diogu	Ike Diogu
/wiki/Dijon_Thompson	Dijon
/wiki/Alphonso_Ford	Alphonso Ford
/wiki/Jerel_Blassingame	Jerel
/wiki/Mario_Kasun	Kasun
/wiki/Monta_Ellis	Monta Ellis
/wiki/C._J._Miles	J.
/wiki/Wayne_Simien	Wayne
/wiki/Bracey_Wright	Bracey
/wiki/Brandon_Bass	Brandon Bass
/wiki/Chris_Paul	Paul
/wiki/Yaroslav_Korolev	Korolev
/wiki/Lawrence_Roberts_(basketball)	Lawrence Roberts
/wiki/Tarence_Kinsey	Kinsey
/wiki/Robert_Whaley	Whaley
/wiki/Joey_Graham	Joey Graham
/wiki/Gerald_Green	Gerald
/wiki/Julius_Hodge	Hodge
/wiki/Chris_Taft	Chris Taft
/wiki/Brandon_Bass	Brandon
/wiki/Bracey_Wright	Wright
/wiki/Johan_Petro	Petro
/wiki/Fragiskos_Alvertis	Fragiskos Alvertis
/wiki/Loukas_Mavrokefalidis	Loukas
/wiki/Salim_Stoudamire	Stoudamire
/wiki/Luther_Head	Head
/wiki/David_Lee_(basketball)	Lee
/wiki/Omar_Cook	Omar Cook
/wiki/Jarrett_Jack	Jarrett
/wiki/Cenk_Akyol	Akyol
/wiki/Andray_Blatche	Andray
/wiki/Daniel_Ewing	Daniel
/wiki/Hakim_Warrick	Hakim Warrick
/wiki/Von_Wafer	Von Wafer
/wiki/Walter_Berry_(basketball)	Walter Berry 
/wiki/Chris_Paul	Chris
/wiki/Tarence_Kinsey	Tarence
/wiki/Johan_Petro	Johan Petro
/wiki/Orien_Greene	Orien
/wiki/Mario_Kasun	Mario
/wiki/Amir_Johnson	Johnson
/wiki/Marko_Tomas	Tomas
/wiki/Charlie_Villanueva	Charlie
/wiki/Andrew_Bynum	Bynum
/wiki/Goran_Jeretin	Goran Jeretin
/wiki/David_Rivers	David
/wiki/Orien_Greene	Greene
/wiki/Andray_Blatche	Andray Blatche
/wiki/Gerald_Green	Green
/wiki/Walter_Berry_(basketball)	Berry
/wiki/Linas_Kleiza	Linas
/wiki/Davor_Kus	Davor Kus
/wiki/Dimitris_Diamantidis	Dimitris
/wiki/Brandon_Bass	Bass
/wiki/Kostas_Tsartsaris	Kostas
/wiki/Jason_Maxiell	Jason
/wiki/Monta_Ellis	Monta
/wiki/Lawrence_Roberts_(basketball)	Lawrence
/wiki/C._J._Miles	C. J. Miles
/wiki/David_Rivers	Rivers
/wiki/Travis_Diener	Travis
/wiki/Ryan_Gomes	Gomes
/wiki/Danny_Granger	Danny Granger
/wiki/Marcin_Gortat	Marcin Gortat
/wiki/David_Lee_(basketball)	David Lee
/wiki/David_Lee_(basketball)	David Lee 
/wiki/Joey_Graham	Graham
/wiki/Bo_McCalebb	Bo
/wiki/Kostas_Tsartsaris	Tsartsaris
/wiki/Channing_Frye	Channing Frye
/wiki/Robert_Whaley	Robert
/wiki/Jerel_Blassingame	Blassingame
/wiki/Goran_Jeretin	Jeretin
/wiki/Bo_McCalebb	Bo McCalebb
/wiki/Amir_Johnson	Amir Johnson
/wiki/Hakim_Warrick	Hakim
/wiki/Axel_Hervelle	Axel
/wiki/Carlos_Delfino	Carlos
/wiki/Travis_Diener	Travis Diener
/wiki/David_Rivers	David Rivers
/wiki/Loukas_Mavrokefalidis	Loukas Mavrokefalidis
/wiki/C._J._Miles	C.
/wiki/Ryan_Gomes	Ryan Gomes
/wiki/Sonny_Weems	Sonny Weems
/wiki/Ronny_Turiaf	Ronny
/wiki/Dominique_Wilkins	Wilkins
/wiki/Neven_Spahija	Neven Spahija
/wiki/Yaroslav_Korolev	Yaroslav
/wiki/Andrew_Bynum	Andrew Bynum
/wiki/Davor_Kus	Davor
/wiki/Loukas_Mavrokefalidis	Mavrokefalidis
/wiki/Luther_Head	Luther Head
/wiki/Deron_Williams	Deron
/wiki/Tarence_Kinsey	Tarence Kinsey
/wiki/C._J._Miles	Miles
/wiki/Martell_Webster	Martell Webster
/wiki/Axel_Hervelle	Hervelle
/wiki/Dominique_Wilkins	Dominique
/wiki/Cenk_Akyol	Cenk Akyol
/wiki/Rashad_McCants	Rashad
/wiki/Channing_Frye	Channing
/wiki/Ronny_Turiaf	Turiaf
/wiki/Von_Wafer	Von
/wiki/Travis_Diener	Diener
/wiki/Fragiskos_Alvertis	Fragiskos
/wiki/Yaroslav_Korolev	Yaroslav Korolev
/wiki/Panagiotis_Liadelis	Panagiotis
/wiki/Ian_Mahinmi	Mahinmi
/wiki/Damir_Markota	Markota
/wiki/Jarrett_Jack	Jarrett Jack
/wiki/Andray_Blatche	Blatche
/wiki/Julius_Hodge	Julius Hodge
/wiki/Monta_Ellis	Ellis
/wiki/Raymond_Felton	Felton
/wiki/Jason_Maxiell	Maxiell
/wiki/Sonny_Weems	Weems
/wiki/Cenk_Akyol	Cenk
/wiki/Andrew_Bogut	Bogut
/wiki/Marvin_Williams	Marvin Williams
/wiki/Bo_McCalebb	McCalebb
/wiki/Dijon_Thompson	Thompson
/wiki/Wayne_Simien	Wayne Simien
/wiki/Daniel_Ewing	Daniel Ewing
/wiki/Nate_Robinson	Nate
/wiki/Walter_Berry_(basketball)	Walter
/wiki/Erazem_Lorbek	Erazem
/wiki/Raymond_Felton	Raymond
/wiki/Salim_Stoudamire	Salim Stoudamire
/wiki/Sean_May	May
/wiki/Deron_Williams	Deron Williams
/wiki/Panagiotis_Liadelis	Panagiotis Liadelis
/wiki/Andrew_Bogut	Andrew
/wiki/Lenny_White	Lenny White
/wiki/Ronny_Turiaf	Ronny Turiaf
/wiki/Charlie_Villanueva	Villanueva
/wiki/Charlie_Villanueva	Charlie Villanueva
/wiki/Deron_Williams	Williams
/wiki/Gerald_Green	Gerald Green
/wiki/Neven_Spahija	Spahija
/wiki/Nate_Robinson	Nate Robinson
/wiki/Wayne_Simien	Simien
/wiki/Marcin_Gortat	Gortat
/wiki/Danny_Granger	Danny
/wiki/Alex_Acker	Alex
/wiki/Ike_Diogu	Diogu
/wiki/Lenny_White	Lenny
/wiki/Julius_Hodge	Julius
/wiki/Andrew_Bogut	Andrew Bogut
/wiki/Damir_Markota	Damir Markota
/wiki/Ryan_Gomes	Ryan
/wiki/Nestoras_Kommatos	Nestoras Kommatos
/wiki/D._J._Strawberry	Strawberry
/wiki/Ian_Mahinmi	Ian Mahinmi
/wiki/Linas_Kleiza	Linas Kleiza
/wiki/Johan_Petro	Johan
/wiki/Hakim_Warrick	Warrick
/wiki/Nestoras_Kommatos	Kommatos
/wiki/Martell_Webster	Martell
/wiki/Joey_Graham	Joey
/wiki/D._J._Strawberry	D.
/wiki/Dimitris_Diamantidis	Dimitris Diamantidis
/wiki/Davor_Kus	Kus
/wiki/Chris_Taft	Taft
/wiki/Channing_Frye	Frye
/wiki/Dijon_Thompson	Dijon Thompson
/wiki/Dimitris_Diamantidis	Diamantidis
/wiki/Von_Wafer	Wafer
/wiki/Damir_Markota	Damir
/wiki/Bracey_Wright	Bracey Wright
/wiki/Sean_May	Sean
/wiki/Alphonso_Ford	Alphonso
/wiki/D._J._Strawberry	D. J. Strawberry
/wiki/Jason_Maxiell	Jason Maxiell
/wiki/Nate_Robinson	Robinson
/wiki/Omar_Cook	Omar
