/wiki/Ronni_Ancona	Ancona
/wiki/JJ_Lin	JJ
/wiki/Katharine_Hepburn	Hepburn
/wiki/Jon_Culshaw	Jon Culshaw
/wiki/Gordon_Brown	Brown
/wiki/Maurice_LaMarche	Maurice LaMarche
/wiki/Christopher_Walken	Christopher
/wiki/Don_Messick	Messick
/wiki/Alistair_McGowan	McGowan
/wiki/Gordon_Brown	Gordon
/wiki/Lenny_Henry	Henry
/wiki/Christopher_Walken	Christopher Walken
/wiki/Rob_Paulsen	Rob Paulsen
/wiki/Maurice_LaMarche	Maurice
/wiki/Frank_Caliendo	Caliendo
/wiki/Tress_MacNeille	Tress
/wiki/Adam_Cheng	Cheng
/wiki/Jacky_Cheung	Cheung
/wiki/Greg_London	London
/wiki/Jacky_Cheung	Jacky Cheung
/wiki/Kevin_Spacey	Kevin
/wiki/Rich_Little	Little
/wiki/Debra_Stephenson	Debra
/wiki/Andy_Lau	Andy
/wiki/Rich_Little	Rich
/wiki/Daws_Butler	Butler
/wiki/John_Major	John
/wiki/Show_Luo	Luo
/wiki/Mike_Yarwood	Mike
/wiki/Frank_Gorshin	Frank Gorshin
/wiki/Frank_Gorshin	Frank
/wiki/Tony_Blair	Blair
/wiki/Ronni_Ancona	Ronni
/wiki/Mike_Yarwood	Mike Yarwood
/wiki/Jon_Culshaw	Jon
/wiki/Johnson_Lee	Johnson
/wiki/Jimmy_Fallon	Fallon
/wiki/JJ_Lin	JJ Lin
/wiki/Tony_Blair	Tony
/wiki/Rob_Paulsen	Paulsen
/wiki/Daws_Butler	Daws Butler
/wiki/Jimmy_Fallon	Jimmy
/wiki/Johnny_Carson	Johnny
/wiki/Daws_Butler	Daws
/wiki/Rob_Paulsen	Rob
/wiki/Eason_Chan	Chan
/wiki/Lenny_Henry	Lenny Henry
/wiki/Mel_Blanc	Mel Blanc
/wiki/Frank_Gorshin	Gorshin
/wiki/Mel_Blanc	Blanc
/wiki/Frank_Caliendo	Frank Caliendo
/wiki/Adam_Cheng	Adam Cheng
/wiki/Don_Messick	Don Messick
/wiki/Katharine_Hepburn	Katharine Hepburn
/wiki/Jacky_Cheung	Jacky
/wiki/Maurice_LaMarche	LaMarche
/wiki/Jimmy_Fallon	Jimmy Fallon
/wiki/Katharine_Hepburn	Katharine
/wiki/JJ_Lin	Lin
/wiki/Christopher_Walken	Walken
/wiki/Al_Pacino	Pacino
/wiki/Debra_Stephenson	Stephenson
/wiki/Jon_Culshaw	Culshaw
/wiki/Rory_Bremner	Rory
/wiki/Jayaram	Jayaram
/wiki/Eason_Chan	Eason
/wiki/Johnson_Lee	Johnson Lee
/wiki/Tress_MacNeille	MacNeille
/wiki/Debra_Stephenson	Debra Stephenson
/wiki/Greg_London	Greg London
/wiki/Kevin_Spacey	Spacey
/wiki/Tress_MacNeille	Tress MacNeille
/wiki/Al_Pacino	Al Pacino
/wiki/Rich_Little	Rich Little
/wiki/Andy_Lau	Andy Lau
/wiki/John_Major	John Major
/wiki/Kevin_Spacey	Kevin Spacey
/wiki/Show_Luo	Show
/wiki/Jack_Lemmon	Jack Lemmon
/wiki/Alistair_McGowan	Alistair
/wiki/Johnny_Carson	Carson
/wiki/Johnny_Carson	Johnny Carson
/wiki/Jack_Lemmon	Lemmon
/wiki/Jack_Lemmon	Jack
/wiki/Andy_Lau	Lau
/wiki/Ronni_Ancona	Ronni Ancona
/wiki/Gordon_Brown	Gordon Brown
/wiki/Don_Messick	Don
/wiki/Rory_Bremner	Bremner
/wiki/Lenny_Henry	Lenny
/wiki/Show_Luo	Show Luo
/wiki/Greg_London	Greg
/wiki/Johnson_Lee	Lee
/wiki/John_Major	Major
/wiki/Mike_Yarwood	Yarwood
/wiki/Alistair_McGowan	Alistair McGowan
/wiki/Al_Pacino	Al
/wiki/Eason_Chan	Eason Chan
/wiki/Mel_Blanc	Mel
/wiki/Tony_Blair	Tony Blair
/wiki/Rory_Bremner	Rory Bremner
/wiki/Adam_Cheng	Adam
