/wiki/Geoffrey_Marcy	Geoffrey Marcy
/wiki/Geoffrey_Marcy	Geoffrey
/wiki/Sara_Seager	Sara Seager
/wiki/R._Paul_Butler	Butler
/wiki/Gregory_W._Henry	Gregory
/wiki/Travis_Barman	Travis Barman
/wiki/Travis_Barman	Barman
/wiki/Geoffrey_Marcy	Marcy
/wiki/R._Paul_Butler	R. Paul Butler
/wiki/R._Paul_Butler	R.P. Butler
/wiki/Michel_Mayor	Michel Mayor
/wiki/Michel_Mayor	M. Mayor
/wiki/David_Charbonneau	David
/wiki/Gregory_W._Henry	Henry
/wiki/R._Paul_Butler	R.
/wiki/David_Charbonneau	Charbonneau
/wiki/Sara_Seager	Sara
/wiki/Michel_Mayor	Michel
/wiki/Gregory_W._Henry	G.W. Henry
/wiki/Gregory_W._Henry	W.
/wiki/Gregory_W._Henry	Gregory W. Henry
/wiki/David_Charbonneau	D. Charbonneau
/wiki/Geoffrey_Marcy	G. Marcy
/wiki/Travis_Barman	Travis
/wiki/Sara_Seager	Seager
/wiki/R._Paul_Butler	Paul
/wiki/David_Charbonneau	David Charbonneau
/wiki/Michel_Mayor	Mayor
