/wiki/Matthew_Klein	Matthew
/wiki/Kenton_Onstad	Kenton Onstad
/wiki/Scot_Kelsh	Kelsh
/wiki/Kenton_Onstad	Kenton
/wiki/Matthew_Klein	Klein
/wiki/Tracy_Boe	Tracy Boe
/wiki/Kenton_Onstad	Onstad
/wiki/Kim_Koppelman	Koppelman
/wiki/Ed_Gruchalla	Ed Gruchalla
/wiki/Tracy_Boe	Tracy
/wiki/Ed_Gruchalla	Gruchalla
/wiki/Kim_Koppelman	Kim Koppelman
/wiki/Kim_Koppelman	Kim
/wiki/Eliot_Glassheim	Eliot Glassheim
/wiki/Steve_Zaiser	Zaiser
/wiki/Tracy_Boe	Boe
/wiki/Scot_Kelsh	Scot Kelsh
/wiki/Eliot_Glassheim	Glassheim
/wiki/Ed_Gruchalla	Ed
/wiki/Matthew_Klein	Matthew Klein
/wiki/Steve_Zaiser	Steve
/wiki/Scot_Kelsh	Scot
/wiki/Eliot_Glassheim	Eliot
/wiki/Steve_Zaiser	Steve Zaiser
