/wiki/Vasile_Lupu	Vasile Lupu
/wiki/Tymofiy_Khmelnytsky	Tymofiy Khmelnytsky
/wiki/Matei_Basarab	Matei Basarab
/wiki/Tymofiy_Khmelnytsky	Tymofiy
/wiki/Steven_Runciman	Steven Runciman
/wiki/Bohdan_Khmelnytsky	Bohdan Khmelnytsky
/wiki/Steven_Runciman	Runciman
/wiki/Bohdan_Khmelnytsky	Bohdan
/wiki/Dimitrie_Cantemir	Dimitrie
/wiki/Vasile_Lupu	Article
/wiki/Vasile_Lupu	Vasile
/wiki/Steven_Runciman	Steven
/wiki/Vasile_Lupu	Lupu
/wiki/Dimitrie_Cantemir	Cantemir
/wiki/Bohdan_Khmelnytsky	Khmelnytsky
/wiki/Dimitrie_Cantemir	Dimitrie Cantemir
/wiki/Matei_Basarab	Matei
/wiki/Matei_Basarab	Basarab
