/wiki/Pat_Hoed	Pat
/wiki/Tommy_Dreamer	Tommy Dreamer
/wiki/Scorpio_Sky	Scorpio
/wiki/Joey_Ryan_(wrestler)	Joey Ryan
/wiki/Scorpio_Sky	Scorpio Sky
/wiki/Scorpio_Sky	Sky
/wiki/Shane_Douglas	Douglas
/wiki/Luke_Hawx	Hawx
/wiki/The_Sandman_(wrestler)	The Sandman
/wiki/Tom_Byron	Tom Byron
/wiki/Cody_Michaels	Cody Michaels
/wiki/Tom_Byron	Tom
/wiki/Sabu_(wrestler)	Sabu 
/wiki/Disco_Machine	Disco Machine
/wiki/The_Sandman_(wrestler)	The
/wiki/New_Jack	Jack
/wiki/Raven_(wrestler)	Raven
/wiki/Joey_Styles	Styles
/wiki/Sean_Waltman	Waltman
/wiki/Shane_Douglas	Shane
/wiki/Kevin_Kleinrock	Kleinrock
/wiki/Vampiro	Vampiro
/wiki/The_Sandman_(wrestler)	Sandman
/wiki/Luke_Hawx	Luke Hawx
/wiki/Terry_Funk	Terry
/wiki/Necro_Butcher	Butcher
/wiki/New_Jack	New Jack
/wiki/New_Jack	New
/wiki/The_Sandman_(wrestler)	The Sandman 
/wiki/Rob_Zicari	Zicari
/wiki/Sean_Waltman	Sean Waltman
/wiki/Kevin_Kleinrock	Kevin Kleinrock
/wiki/GQ_Money	GQ
/wiki/Francine_Fournier	Francine Fournier
/wiki/Sean_Waltman	Sean
/wiki/Necro_Butcher	Necro
/wiki/Francine_Fournier	Francine
/wiki/Tommy_Dreamer	Tommy
/wiki/Steve_Rizzono	Rizzono
/wiki/Steve_Rizzono	Steve Rizzono
/wiki/Terry_Funk	Terry Funk
/wiki/Joey_Ryan_(wrestler)	Ryan
/wiki/Cody_Michaels	Michaels
/wiki/Sabu_(wrestler)	Sabu
/wiki/Shane_Douglas	Shane Douglas
/wiki/Joey_Styles	Joey
/wiki/Pat_Hoed	Hoed
/wiki/Disco_Machine	Machine
/wiki/Disco_Machine	Disco
/wiki/Joey_Ryan_(wrestler)	Joey Ryan 
/wiki/Rob_Zicari	Rob Zicari
/wiki/Necro_Butcher	Necro Butcher
/wiki/Raven_(wrestler)	Raven 
/wiki/GQ_Money	Money
/wiki/Rob_Zicari	Rob
/wiki/Tom_Byron	Byron
/wiki/Steve_Rizzono	Steve
/wiki/GQ_Money	GQ Money
/wiki/Francine_Fournier	Fournier
/wiki/Terry_Funk	Funk
/wiki/Luke_Hawx	Luke
/wiki/Cody_Michaels	Cody
/wiki/Joey_Styles	Joey Styles
/wiki/Pat_Hoed	Pat Hoed
/wiki/Kevin_Kleinrock	Kevin
/wiki/Tommy_Dreamer	Dreamer
