/wiki/Glenn_Kilpatrick	Glenn Kilpatrick
/wiki/Clinton_King	Clinton King
/wiki/Jay_Burton	Jay
/wiki/Stefan_Carey	Stefan Carey
/wiki/Brad_Cassidy	Brad
/wiki/Stefan_Carey	Carey
/wiki/Jason_Snell_(footballer)	Jason Snell
/wiki/Troy_Cook	Troy Cook
/wiki/Daniel_Chick	Daniel
/wiki/Lance_Whitnall	Whitnall
/wiki/Scott_Harding_(footballer)	Scott Harding 
/wiki/Darryl_White	White
/wiki/Scott_Bamford	Scott Bamford
/wiki/Ronnie_Burns_(footballer)	Ronnie
/wiki/Heath_Shaw	Shaw
/wiki/Campbell_Brown_(footballer)	Brown
/wiki/Sam_Mitchell_(footballer)	Sam Mitchell 
/wiki/Ashley_Fernee	Ashley Fernee
/wiki/Kyle_Hardingham	Hardingham
/wiki/Scott_Pendlebury	Pendlebury
/wiki/Stefan_Carey	Stefan
/wiki/Josh_Fraser	Josh Fraser
/wiki/Allen_Jakovich	Allen Jakovich
/wiki/Joel_Bowden	Joel Bowden
/wiki/Clint_Bizzell	Clint Bizzell
/wiki/Scott_Welsh	Scott Welsh
/wiki/Scott_Bamford	Bamford
/wiki/Brendon_Fewster	Fewster
/wiki/Glenn_Kilpatrick	Glenn
/wiki/Tony_Campbell_(Australian_footballer)	Tony Campbell 
/wiki/Ronnie_Burns_(footballer)	Burns
/wiki/Ashley_McGrath	Ashley McGrath
/wiki/Kane_Johnson	Kane Johnson
/wiki/Mitch_Clark	Mitch Clark
/wiki/Jay_Burton	Jay Burton
/wiki/Ashley_Fernee	Ashley
/wiki/Brendon_Fewster	Brendon Fewster
/wiki/Matthew_Pavlich	Pavlich
/wiki/Darren_Wheildon	Darren Wheildon
/wiki/Daniel_Healy	Daniel Healy
/wiki/James_Kelly_(Australian_rules_footballer)	James
/wiki/Matthew_Primus	Primus
/wiki/Nigel_Lappin	Nigel Lappin
/wiki/Michael_Voss	Michael
/wiki/Kyle_Hardingham	Kyle
/wiki/Tim_Notting	Tim Notting
/wiki/Darryl_White	Darryl
/wiki/Troy_Cook	Cook
/wiki/Troy_Simmonds	Simmonds
/wiki/Adam_McPhee	Adam
/wiki/Daniel_Chick	Chick
/wiki/Darryl_White	Darryl White
/wiki/Paul_Chapman_(footballer)	Paul Chapman 
/wiki/Carl_Steinfort	Steinfort
/wiki/Todd_Curley	Curley
/wiki/Daniel_Bradshaw	Bradshaw
/wiki/Sam_Mitchell_(footballer)	Sam
/wiki/Simon_Prestigiacomo	Simon Prestigiacomo
/wiki/Glenn_Kilpatrick	Kilpatrick
/wiki/Brent_Harvey	Brent Harvey
/wiki/Clint_Bizzell	Bizzell
/wiki/Brendan_Krummel	Brendan Krummel
/wiki/Brendan_Fevola	Fevola
/wiki/Barry_Hall	Hall
/wiki/Darren_Wheildon	Wheildon
/wiki/Troy_Cook	Troy
/wiki/Justin_Leppitsch	Justin Leppitsch
/wiki/Michael_Voss	Michael Voss
/wiki/Allen_Jakovich	Allen
/wiki/Paul_Licuria	Paul
/wiki/Mark_Thompson_(footballer)	Mark Thompson 
/wiki/Brent_Harvey	Brent
/wiki/Jamie_Charman	Charman
/wiki/Brady_Anderson_(footballer)	Brady Anderson 
/wiki/Jarrod_Molloy	Molloy
/wiki/Josh_Fraser	Fraser
/wiki/Tony_Campbell_(Australian_footballer)	Tony Campbell
/wiki/Mitch_Clark	Mitch
/wiki/Jared_Crouch	Jared Crouch
/wiki/Brady_Anderson_(footballer)	Brady Anderson
/wiki/Matthew_Scarlett	Matthew Scarlett
/wiki/Darren_Milburn	Darren
/wiki/Mark_Thompson_(footballer)	Mark
/wiki/Simon_Black	Simon Black
/wiki/Matthew_Carr	Matthew
/wiki/Brady_Anderson_(footballer)	Anderson
/wiki/Clark_Keating	Keating
/wiki/Matthew_Scarlett	Scarlett
/wiki/Kane_Johnson	Johnson
/wiki/Lance_Franklin	Lance
/wiki/Richard_Champion	Champion
/wiki/Ronnie_Burns_(footballer)	Ronnie Burns 
/wiki/Alastair_Lynch	Alastair
/wiki/Allen_Jakovich	Jakovich
/wiki/Heath_Black	Heath Black
/wiki/Joel_Selwood	Joel Selwood
/wiki/Leigh_Matthews	Leigh Matthews
/wiki/Chris_Judd	Chris
/wiki/Clinton_King	King
/wiki/Brady_Anderson_(footballer)	Brady
/wiki/Richard_Hadley	Richard Hadley
/wiki/Paul_Licuria	Paul Licuria
/wiki/Chris_Groom	Groom
/wiki/Jason_Snell_(footballer)	Snell
/wiki/Chris_Judd	Judd
/wiki/Marcus_Ashcroft	Ashcroft
/wiki/Jimmy_Bartel	Bartel
/wiki/Clinton_King	Clinton
/wiki/Bowen_Lockwood	Lockwood
/wiki/Ashley_McGrath	McGrath
/wiki/Marcus_Ashcroft	Marcus Ashcroft
/wiki/Tony_Campbell_(Australian_footballer)	Tony
/wiki/Trent_Croad	Croad
/wiki/Jimmy_Bartel	Jimmy
/wiki/Nigel_Lappin	Nigel
/wiki/Leigh_Matthews	Leigh
/wiki/Brendan_Fevola	Brendan Fevola
/wiki/Beau_McDonald	McDonald
/wiki/Michael_Voss	Voss
/wiki/Kane_Johnson	Kane
/wiki/Joel_Macdonald	Joel Macdonald
/wiki/Shane_Clayton	Shane
/wiki/Campbell_Brown_(footballer)	Campbell Brown 
/wiki/Jamie_Charman	Jamie Charman
/wiki/Jared_Crouch	Jared
/wiki/Shaun_Hart	Hart
/wiki/Nathan_Eagleton	Nathan Eagleton
/wiki/Robert_Copeland	Copeland
/wiki/Paul_Licuria	Licuria
/wiki/Blake_Caracella	Blake
/wiki/Simon_Black	Simon
/wiki/Shaun_Hart	Shaun Hart
/wiki/Adam_Goodes	Goodes
/wiki/Joel_Bowden	Bowden
/wiki/Joel_Selwood	Selwood
/wiki/Brent_Harvey	Harvey
/wiki/Robert_Copeland	Robert
/wiki/Richard_Hadley	Hadley
/wiki/Simon_Prestigiacomo	Prestigiacomo
/wiki/Joel_Macdonald	Macdonald
/wiki/Jarrad_Waite	Waite
/wiki/Heath_Black	Black
/wiki/Justin_Leppitsch	Leppitsch
/wiki/Peter_Vardy_(footballer)	Peter
/wiki/Blake_Caracella	Blake Caracella
/wiki/Luke_Godden	Luke Godden
/wiki/Peter_Vardy_(footballer)	Peter Vardy 
/wiki/Jared_Crouch	Crouch
/wiki/Barry_Hall	Barry Hall
/wiki/Bowen_Lockwood	Bowen
/wiki/Michael_Gardiner	Gardiner
/wiki/Jamie_Charman	Jamie
/wiki/Adam_Goodes	Adam Goodes
/wiki/Jarrod_Molloy	Jarrod
/wiki/Alastair_Lynch	Lynch
/wiki/Carl_Steinfort	Carl
/wiki/Scott_Harding_(footballer)	Harding
/wiki/Leigh_Matthews	Matthews
/wiki/Angelo_Lekkas	Lekkas
/wiki/Clark_Keating	Clark Keating
/wiki/Trent_Croad	Trent
/wiki/Nigel_Lappin	Lappin
/wiki/Brendon_Lade	Lade
/wiki/Justin_Leppitsch	Justin
/wiki/Scott_Hodges	Hodges
/wiki/Brendan_Fevola	Brendan
/wiki/Brad_Cassidy	Cassidy
/wiki/Ashley_Fernee	Fernee
/wiki/Jason_Akermanis	Akermanis
/wiki/Peter_Vardy_(footballer)	Vardy
/wiki/Ronnie_Burns_(footballer)	Ronnie Burns
/wiki/Lance_Franklin	Franklin
/wiki/Clive_Waterhouse	Waterhouse
/wiki/Jason_Cripps	Jason
/wiki/Jimmy_Bartel	Jimmy Bartel
/wiki/Jarrod_Molloy	Jarrod Molloy
/wiki/Clive_Waterhouse	Clive Waterhouse
/wiki/Jason_Snell_(footballer)	Jason Snell 
/wiki/Clark_Keating	Clark
/wiki/Matthew_Carr	Carr
/wiki/Craig_McRae	McRae
/wiki/Nathan_Foley_(footballer)	Nathan Foley 
/wiki/Craig_McRae	Craig
/wiki/Craig_McRae	Craig McRae
/wiki/Jay_Burton	Burton
/wiki/Robert_Murphy_(footballer)	Robert Murphy 
/wiki/Jason_Cripps	Cripps
/wiki/Barry_Hall	Barry
/wiki/Heath_Shaw	Heath Shaw
/wiki/Matthew_Carr	Matthew Carr
/wiki/Jason_Akermanis	Jason Akermanis
/wiki/Campbell_Brown_(footballer)	Campbell
/wiki/Robert_Copeland	Robert Copeland
/wiki/Angelo_Lekkas	Angelo
/wiki/Jason_Cripps	Jason Cripps
/wiki/Clint_Bizzell	Clint
/wiki/Richard_Hadley	Richard
/wiki/Kyle_Hardingham	Kyle Hardingham
/wiki/Scott_Pendlebury	Scott Pendlebury
/wiki/Brad_Cassidy	Brad Cassidy
/wiki/Josh_Fraser	Josh
/wiki/Nathan_Foley_(footballer)	Foley
/wiki/Matthew_Primus	Matthew Primus
/wiki/Adam_McPhee	Adam McPhee
/wiki/Tim_Notting	Tim
/wiki/Jarrad_Waite	Jarrad
/wiki/Mark_Thompson_(footballer)	Thompson
/wiki/Chris_Groom	Chris Groom
/wiki/Lance_Whitnall	Lance Whitnall
/wiki/Nathan_Eagleton	Eagleton
/wiki/Matthew_Pavlich	Matthew Pavlich
/wiki/Shaun_Hart	Shaun
/wiki/Adam_Houlihan	Adam Houlihan
/wiki/Luke_Power	Power
/wiki/Michael_Gardiner	Michael Gardiner
/wiki/Scott_Welsh	Welsh
/wiki/Beau_McDonald	Beau
/wiki/Robert_Murphy_(footballer)	Murphy
/wiki/Beau_McDonald	Beau McDonald
/wiki/Darren_Milburn	Darren Milburn
/wiki/Shane_Clayton	Clayton
/wiki/Shane_Clayton	Shane Clayton
/wiki/Tim_Notting	Notting
/wiki/Shane_Woewodin	Shane Woewodin
/wiki/Troy_Simmonds	Troy Simmonds
/wiki/Mal_Michael	Mal
/wiki/Darren_Milburn	Milburn
/wiki/Marcus_Ashcroft	Marcus
/wiki/Trent_Croad	Trent Croad
/wiki/Nathan_Eagleton	Nathan
/wiki/Daniel_Healy	Healy
/wiki/Bowen_Lockwood	Bowen Lockwood
/wiki/Jarrad_Waite	Jarrad Waite
/wiki/Joel_Bowden	Joel
/wiki/Todd_Curley	Todd
/wiki/Clive_Waterhouse	Clive
/wiki/Paul_Chapman_(footballer)	Chapman
/wiki/Mal_Michael	Mal Michael
/wiki/Heath_Shaw	Heath
/wiki/Adam_McPhee	McPhee
/wiki/Brendon_Lade	Brendon
/wiki/Lance_Franklin	Lance Franklin
/wiki/Richard_Champion	Richard Champion
/wiki/James_Kelly_(Australian_rules_footballer)	Kelly
/wiki/Sam_Mitchell_(footballer)	Mitchell
/wiki/Campbell_Brown_(footballer)	C. Brown
/wiki/Brendon_Lade	Brendon Lade
/wiki/Angelo_Lekkas	Angelo Lekkas
/wiki/Todd_Curley	Todd Curley
/wiki/Luke_Godden	Godden
/wiki/Chris_Judd	Chris Judd
/wiki/Adam_Houlihan	Houlihan
/wiki/Daniel_Chick	Daniel Chick
/wiki/Carl_Steinfort	Carl Steinfort
/wiki/Scott_Welsh	Scott
/wiki/Blake_Caracella	Caracella
/wiki/Shane_Woewodin	Woewodin
/wiki/Luke_Power	Luke
/wiki/Luke_Power	Luke Power
/wiki/Scott_Hodges	Scott Hodges
/wiki/James_Kelly_(Australian_rules_footballer)	James Kelly 
/wiki/Scott_Harding_(footballer)	Scott Harding
/wiki/Brendan_Krummel	Krummel
/wiki/Alastair_Lynch	Alastair Lynch
