/wiki/Bob_Cobbing	Bob Cobbing
/wiki/Barry_Miles	Barry Miles
/wiki/Ian_Hamilton_Finlay	Ian
/wiki/Lawrence_Upton	Upton
/wiki/Barry_Miles	Barry
/wiki/Jim_Anderson_(editor)	Jim
/wiki/John_Hopkins_(political_activist)	John Hopkins 
/wiki/Kevin_Ayers	Ayers
/wiki/Barney_Bubbles	Barney
/wiki/Craig_Sams	Sams
/wiki/Robin_Farquharson	Robin Farquharson
/wiki/Joe_Boyd	Joe Boyd
/wiki/Aubrey_Powell_(designer)	Powell
/wiki/Syd_Barrett	Syd Barrett
/wiki/Arthur_Brown_(musician)	Brown
/wiki/Kevin_Ayers	Kevin Ayers
/wiki/Ian_Hamilton_Finlay	Ian Hamilton Finlay
/wiki/Ian_Hamilton_Finlay	Finlay
/wiki/Mike_Lesser	Mike Lesser
/wiki/Richard_Neville_(writer)	Richard Neville 
/wiki/Mick_Farren	Mick
/wiki/Barney_Bubbles	Bubbles
/wiki/Ubi_Dwyer	Dwyer
/wiki/James_Haynes	James
/wiki/Jim_Anderson_(editor)	Jim Anderson 
/wiki/Michael_Chant	Michael
/wiki/Michael_Chant	Michael Chant
/wiki/Wally_Hope	Wally Hope
/wiki/Robin_Farquharson	Robin
/wiki/John_Michell_(writer)	Michell
/wiki/Nicholas_Saunders_(activist)	Saunders
/wiki/Edward_Barker_(cartoonist)	Barker
/wiki/Felix_Dennis	Felix
/wiki/Ubi_Dwyer	Ubi
/wiki/Steve_Peregrin_Took	Took
/wiki/James_Haynes	Haynes
/wiki/John_Michell_(writer)	John Michell
/wiki/Allen_Ginsberg	Allen
/wiki/Arthur_Brown_(musician)	Arthur Brown
/wiki/Kevin_Ayers	Kevin
/wiki/Storm_Thorgerson	Storm
/wiki/Jim_Anderson_(editor)	Anderson
/wiki/Greg_Sams	Gregory Sams
/wiki/Bill_Griffiths	Bill Griffiths
/wiki/John_Peel	John Peel
/wiki/John_Cage	John
/wiki/Mike_Lesser	Mike
/wiki/Nicholas_Saunders_(activist)	Nicholas
/wiki/Alexander_Trocchi	Alexander Trocchi
/wiki/Joe_Boyd	Boyd
/wiki/Martin_Sharp	Martin Sharp
/wiki/Jim_Anderson_(editor)	Jim Anderson
/wiki/Ian_Hamilton_Finlay	Hamilton
/wiki/Joe_Boyd	Joe
/wiki/John_Peel	Peel
/wiki/John_Cage	Cage
/wiki/Caroline_Coon	Coon
/wiki/Richard_Neville_(writer)	Neville
/wiki/John_Hopkins_(political_activist)	Hopkins
/wiki/Germaine_Greer	Greer
/wiki/Michael_Chant	Chant
/wiki/Bill_Griffiths	Bill
/wiki/Nicholas_Saunders_(activist)	Nicholas Saunders
/wiki/Arthur_Brown_(musician)	Arthur
/wiki/Michael_Horovitz	Michael Horovitz
/wiki/Martin_Sharp	Sharp
/wiki/Bob_Cobbing	Bob
/wiki/Tom_McGrath_(playwright)	McGrath
/wiki/Bill_Griffiths	Griffiths
/wiki/Robin_Farquharson	Farquharson
/wiki/Steve_Peregrin_Took	Steve
/wiki/Tom_McGrath_(playwright)	Tom McGrath
/wiki/Storm_Thorgerson	Thorgerson
/wiki/Aubrey_Powell_(designer)	Aubrey Powell
/wiki/Germaine_Greer	Germaine
/wiki/Edward_Barker_(cartoonist)	Edward Barker
/wiki/James_Haynes	Jim Haynes
/wiki/Tom_McGrath_(playwright)	Tom
/wiki/Barney_Bubbles	Barney Bubbles
/wiki/Richard_Neville_(writer)	Richard Neville
/wiki/Felix_Dennis	Felix Dennis
/wiki/Lawrence_Upton	Lawrence
/wiki/Mick_Farren	Farren
/wiki/Jeff_Nuttall	Nuttall
/wiki/James_Haynes	James Haynes
/wiki/Wally_Hope	Wally
/wiki/Caroline_Coon	Caroline Coon
/wiki/Alexander_Trocchi	Alexander
/wiki/Mick_Farren	Mick Farren
/wiki/Tariq_Ali	Tariq Ali
/wiki/Michael_Horovitz	Horovitz
/wiki/John_Hopkins_(political_activist)	John 'Hoppy' Hopkins
/wiki/Alexander_Trocchi	Trocchi
/wiki/Allen_Ginsberg	Ginsberg
/wiki/Edward_Barker_(cartoonist)	Edward Barker 
/wiki/Jeff_Nuttall	Jeff
/wiki/Craig_Sams	Craig
/wiki/Arthur_Brown_(musician)	Arthur Brown 
/wiki/Aubrey_Powell_(designer)	Aubrey Powell 
/wiki/Bob_Cobbing	Cobbing
/wiki/Richard_Neville_(writer)	Richard
/wiki/Allen_Ginsberg	Allen Ginsberg
/wiki/Heathcote_Williams	Heathcote Williams
/wiki/Greg_Sams	Greg Sams
/wiki/Ubi_Dwyer	Ubi Dwyer
/wiki/Edward_Barker_(cartoonist)	Edward
/wiki/John_Cage	John Cage
/wiki/Wally_Hope	Hope
/wiki/Steve_Peregrin_Took	Steve Peregrin Took
/wiki/Duggie_Fields	Duggie Fields
/wiki/Caroline_Coon	Caroline
/wiki/Tom_McGrath_(playwright)	Tom McGrath 
/wiki/Nicholas_Saunders_(activist)	Nicholas Saunders 
/wiki/Syd_Barrett	Syd
/wiki/Steve_Peregrin_Took	Peregrin
/wiki/Storm_Thorgerson	Storm Thorgerson
/wiki/Greg_Sams	Greg
/wiki/Heathcote_Williams	Williams
/wiki/Lawrence_Upton	Lawrence Upton
/wiki/Germaine_Greer	Germaine Greer
/wiki/Syd_Barrett	Barrett
/wiki/Duggie_Fields	Duggie
/wiki/Duggie_Fields	Fields
/wiki/Mike_Lesser	Lesser
/wiki/Craig_Sams	Craig Sams
/wiki/Jeff_Nuttall	Jeff Nuttall
/wiki/Martin_Sharp	Martin
/wiki/Heathcote_Williams	Heathcote
/wiki/John_Michell_(writer)	John Michell 
/wiki/Aubrey_Powell_(designer)	Aubrey
/wiki/Tariq_Ali	Tariq
/wiki/Tariq_Ali	Ali
/wiki/Barry_Miles	Miles
/wiki/Felix_Dennis	Dennis
