/wiki/Fleur_Adcock	Adcock
/wiki/Matt_Visser	Matt
/wiki/Kim_Sterelny	Kim Sterelny
/wiki/Moana_Jackson	Moana
/wiki/Jack_Marshall	Marshall
/wiki/Frank_Corner	Frank Corner
/wiki/John_Money	Dr John Money
/wiki/Albert_Wendt	Albert Wendt
/wiki/John_Stuart_Yeates	Stuart
/wiki/Conrad_Smith	Smith
/wiki/Christopher_Pugsley	Pugsley
/wiki/Fred_Hollows	Hollows
/wiki/Michelle_Ang	Michelle Ang
/wiki/John_Stuart_Yeates	John Stuart Yeates
/wiki/Jemaine_Clement	Jemaine Clement
/wiki/Saint_George	Saint
/wiki/Moana_Jackson	Moana Jackson
/wiki/James_Cook	James Cook
/wiki/Roger_Kerr	Roger Kerr
/wiki/Ronald_Syme	Ronald Syme
/wiki/Taika_Waititi	Taika Waititi
/wiki/Harry_Hawthorn	Prof Harry Hawthorn
/wiki/Michael_Fay_(banker)	Fay
/wiki/W._H._Oliver	W. H. Oliver
/wiki/Philippa_Campbell	Philippa
/wiki/Ronald_Syme	Syme
/wiki/Alister_McIntosh	Alister
/wiki/Fred_Hollows	Fred
/wiki/Paul_Callaghan	Callaghan
/wiki/Paul_Reeves	Paul Reeves
/wiki/Christopher_Pugsley	Christopher
/wiki/Alan_MacDiarmid	Alan MacDiarmid
/wiki/Douglas_Lilburn	Lilburn
/wiki/Chong_Kah_Kiat	Chong
/wiki/John_Clarke_(satirist)	Clarke
/wiki/Peter_Munz	Peter Munz
/wiki/Michael_King	Dr Michael King
/wiki/Jane_Campion	Campion
/wiki/Michelle_Ang	Michelle
/wiki/Doreen_Blumhardt	Doreen
/wiki/Kim_Sterelny	Kim
/wiki/Tuiloma_Neroni_Slade	Tuiloma Neroni Slade
/wiki/James_Cook	James
/wiki/Albert_Wendt	Albert
/wiki/Michael_King	Michael
/wiki/Ivor_Richardson	Ivor
/wiki/Patricia_Grace	Patricia Grace
/wiki/Brian_Barratt-Boyes	Barratt-Boyes
/wiki/Chris_Finlayson	Chris
/wiki/Doug_Kidd	Kidd
/wiki/Chris_Finlayson	Finlayson
/wiki/Jacqueline_Sturm	Sturm
/wiki/Bret_McKenzie	Bret
/wiki/Witi_Ihimaera	Witi Ihimaera
/wiki/Richard_Cockburn_Maclaurin	Cockburn
/wiki/Maarten_Wevers	Wevers
/wiki/Thomas_Eichelbaum	Thomas
/wiki/Gillian_Whitehead	Gillian
/wiki/Kenneth_Keith	Kenneth
/wiki/Thomas_Eichelbaum	Sir Thomas Eichelbaum
/wiki/John_Campbell_(broadcaster)	John Campbell 
/wiki/Bret_McKenzie	Bret McKenzie
/wiki/George_Laking	Sir George Laking
/wiki/Witi_Ihimaera	Witi
/wiki/Maarten_Wevers	Maarten
/wiki/Albert_Wendt	Wendt
/wiki/Alexander_Gerst	Gerst
/wiki/W._H._Oliver	W.
/wiki/Frank_Corner	Corner
/wiki/Paul_Reeves	Paul
/wiki/Peter_Dengate_Thrush	Dengate
/wiki/George_Laking	George
/wiki/Gillian_Whitehead	Gillian Whitehead
/wiki/Harry_Hawthorn	Harry Hawthorn
/wiki/Doreen_Blumhardt	Doreen Blumhardt
/wiki/Lloyd_Jones_(New_Zealand_author)	Jones
/wiki/Moana_Jackson	Jackson
/wiki/Alister_McIntosh	McIntosh
/wiki/Robin_Cooke,_Baron_Cooke_of_Thorndon	Baron Cooke of Thorndon
/wiki/Michael_Fay_(banker)	Sir Michael Fay
/wiki/Fleur_Adcock	Fleur
/wiki/Geoffrey_Palmer_(politician)	Geoffrey
/wiki/Alison_Wright_(athlete)	Alison Wright 
/wiki/Doug_Kidd	Hon. Sir Doug Kidd
/wiki/Richard_Cockburn_Maclaurin	Richard Cockburn Maclaurin
/wiki/Jane_Campion	Jane Campion
/wiki/Jane_Campion	Jane
/wiki/Sam_Neill	Sam Neill
/wiki/John_Money	John
/wiki/Gareth_Farr	Gareth
/wiki/Thomas_Eichelbaum	Thomas Eichelbaum
/wiki/Mark_Paston	Mark Paston
/wiki/Harry_Hawthorn	Hawthorn
/wiki/Marilyn_Waring	Marilyn Waring
/wiki/Frank_Corner	Frank
/wiki/Matt_Visser	Visser
/wiki/John_Cawte_Beaglehole	Cawte
/wiki/James_Cook	Captain Cook
/wiki/Fran_Walsh	Fran
/wiki/Alan_MacDiarmid	Alan
/wiki/Bill_Sutch	Sutch
/wiki/Michael_Hardie_Boys	Boys
/wiki/James_Belich_(historian)	James Belich
/wiki/Michael_Fay_(banker)	Michael Fay 
/wiki/Lloyd_Geering	Lloyd Geering
/wiki/James_Cook	Cook
/wiki/Ronald_Syme	Sir Ronald Syme
/wiki/Kenneth_Keith	Keith
/wiki/Marilyn_Waring	Marilyn
/wiki/Lloyd_Jones_(New_Zealand_author)	Lloyd Jones
/wiki/Teresia_Teaiwa	Teresia
/wiki/Michael_King	King
/wiki/Alistair_Campbell_(poet)	Alistair Campbell
/wiki/Paul_Morris_(religious_studies_professor)	Paul Morris
/wiki/Tuiloma_Neroni_Slade	Neroni
/wiki/Bill_Sutch	Bill Sutch
/wiki/Sam_Neill	Neill
/wiki/John_Cawte_Beaglehole	John Cawte Beaglehole
/wiki/Bill_Sutch	Bill
/wiki/Sam_Neill	Sam
/wiki/Paul_Callaghan	Paul Callaghan
/wiki/Taika_Waititi	Waititi
/wiki/John_Clarke_(satirist)	John Clarke 
/wiki/Don_Hunn	Don Hunn
/wiki/Jack_Hunn	Sir Jack Hunn
/wiki/James_K._Baxter	Baxter
/wiki/Robert_Burchfield	Burchfield
/wiki/Alan_MacDiarmid	MacDiarmid
/wiki/Don_Hunn	Hunn
/wiki/Jonathan_Sarfati	Jonathan
/wiki/John_Money	Money
/wiki/Kenneth_Keith	Sir Kenneth Keith
/wiki/John_Cawte_Beaglehole	Beaglehole
/wiki/Michael_Hardie_Boys	Sir Michael Hardie Boys
/wiki/Alexander_Gerst	Dr Alexander Gerst
/wiki/Doug_Kidd	Doug
/wiki/Guy_Powles	Guy Powles
/wiki/Kenneth_Keith	Kenneth Keith
/wiki/Chong_Kah_Kiat	Chong Kah Kiat
/wiki/Gillian_Whitehead	Whitehead
/wiki/George_Edward_Hughes	George Edward Hughes
/wiki/Bill_Sutch	Dr Bill Sutch
/wiki/Jemaine_Clement	Jemaine
/wiki/Maarten_Wevers	Maarten Wevers
/wiki/Robert_Burchfield	Robert
/wiki/James_K._Baxter	K.
/wiki/Michael_Hardie_Boys	Michael Hardie Boys
/wiki/Doug_Kidd	Doug Kidd
/wiki/Fleur_Adcock	Fleur Adcock
/wiki/Dianne_Macaskill	Dianne
/wiki/Jack_Yan	Yan
/wiki/Matt_Visser	Matt Visser
/wiki/Philippa_Campbell	Philippa Campbell
/wiki/Christopher_Pugsley	Christopher Pugsley
/wiki/Marilyn_Waring	Waring
/wiki/Tuiloma_Neroni_Slade	Slade
/wiki/Chong_Kah_Kiat	Kiat
/wiki/George_Laking	George Laking
/wiki/James_K._Baxter	James K. Baxter
/wiki/Ronald_Syme	Ronald
/wiki/Peter_Dengate_Thrush	Thrush
/wiki/Michael_King	Michael King
/wiki/Matthew_Palmer	Palmer
/wiki/Geoffrey_Palmer_(politician)	Geoffrey Palmer 
/wiki/Witi_Ihimaera	Prof Witi Ihimaera
/wiki/John_Clarke_(satirist)	John Clarke
/wiki/Gareth_Farr	Farr
/wiki/Jemaine_Clement	Clement
/wiki/Alexander_Gerst	Alexander
/wiki/Christopher_Pugsley	Dr Christopher Pugsley
/wiki/Mai_Chen	Mai Chen
/wiki/George_Laking	Laking
/wiki/Brian_Talboys	Brian Talboys
/wiki/Teima_Onorio	Teima
/wiki/Alister_McIntosh	Alister McIntosh
/wiki/Conrad_Smith	Conrad Smith
/wiki/Lloyd_Geering	Geering
/wiki/Patricia_Grace	Patricia
/wiki/Jack_Marshall	Sir Jack Marshall
/wiki/Teima_Onorio	Onorio
/wiki/Paul_Reeves	Reeves
/wiki/Matthew_Palmer	Matthew Palmer
/wiki/Harry_Hawthorn	Harry
/wiki/Jack_Marshall	Jack Marshall
/wiki/Ivor_Richardson	Richardson
/wiki/Guy_Powles	Guy
/wiki/Mark_Paston	Mark
/wiki/Michelle_Ang	Ang
/wiki/Jonathan_Sarfati	Jonathan Sarfati
/wiki/Douglas_Lilburn	Douglas Lilburn
/wiki/Matthew_Palmer	Matthew
/wiki/Peter_Dengate_Thrush	Peter Dengate Thrush
/wiki/Richard_Cockburn_Maclaurin	Maclaurin
/wiki/Dianne_Macaskill	Dianne Macaskill
/wiki/Tuiloma_Neroni_Slade	Tuiloma
/wiki/Ivor_Richardson	Ivor Richardson
/wiki/Patricia_Grace	Grace
/wiki/Teresia_Teaiwa	Teaiwa
/wiki/Jack_Yan	Jack Yan
/wiki/Lloyd_Jones_(New_Zealand_author)	Lloyd Jones 
/wiki/Fran_Walsh	Walsh
/wiki/Alistair_Campbell_(poet)	Campbell
/wiki/Peter_Munz	Peter
/wiki/Witi_Ihimaera	Ihimaera
/wiki/Alison_Wright_(athlete)	Alison
/wiki/John_Stuart_Yeates	Yeates
/wiki/W._H._Oliver	Oliver
/wiki/Doreen_Blumhardt	Blumhardt
/wiki/Jacqueline_Sturm	Jacqueline Sturm
/wiki/Richard_Cockburn_Maclaurin	Richard
/wiki/Thomas_Eichelbaum	Eichelbaum
/wiki/Guy_Powles	Powles
/wiki/Alistair_Campbell_(poet)	Alistair Campbell 
/wiki/Douglas_Lilburn	Douglas
/wiki/Alistair_Campbell_(poet)	Alistair
/wiki/Brian_Talboys	Brian
/wiki/George_Edward_Hughes	Edward
/wiki/Peter_Jackson	Peter Jackson
/wiki/Bret_McKenzie	McKenzie
/wiki/Taika_Waititi	Taika
/wiki/Teresia_Teaiwa	Teresia Teaiwa
/wiki/Brian_Talboys	Talboys
/wiki/John_Campbell_(broadcaster)	John Campbell
/wiki/Jacqueline_Sturm	Jacqueline
/wiki/Alexander_Gerst	Alexander Gerst
/wiki/Chris_Finlayson	Chris Finlayson
/wiki/Teima_Onorio	Teima Onorio
/wiki/John_Chapman_Andrew	John Chapman Andrew
/wiki/Alison_Wright_(athlete)	Wright
/wiki/Gareth_Farr	Gareth Farr
/wiki/Chong_Kah_Kiat	Kah
/wiki/Dianne_Macaskill	Macaskill
/wiki/John_Chapman_Andrew	Andrew
/wiki/Mark_Paston	Paston
/wiki/Jonathan_Sarfati	Dr Jonathan Sarfati
/wiki/Jonathan_Sarfati	Sarfati
/wiki/Jack_Yan	Jack
/wiki/Peter_Munz	Munz
/wiki/Mai_Chen	Mai
/wiki/W._H._Oliver	H.
/wiki/Bill_Manhire	Bill Manhire
/wiki/Kim_Sterelny	Sterelny
/wiki/George_Edward_Hughes	Hughes
/wiki/Don_Hunn	Don
/wiki/Paul_Morris_(religious_studies_professor)	Paul Morris 
/wiki/Fred_Hollows	Fred Hollows
/wiki/Alister_McIntosh	Sir Alister McIntosh
/wiki/Marilyn_Waring	Dr Marilyn Waring
/wiki/Roger_Kerr	Kerr
/wiki/John_Chapman_Andrew	Chapman
/wiki/Michael_Hardie_Boys	Hardie
/wiki/James_Belich_(historian)	James Belich 
/wiki/Fred_Hollows	Dr Fred Hollows
/wiki/Paul_Morris_(religious_studies_professor)	Morris
/wiki/Jack_Hunn	Jack Hunn
/wiki/Robert_Burchfield	Robert Burchfield
/wiki/Geoffrey_Palmer_(politician)	Geoffrey Palmer
/wiki/Alan_MacDiarmid	Prof Alan MacDiarmid
/wiki/Conrad_Smith	Conrad
/wiki/James_Belich_(historian)	Belich
/wiki/Paul_Reeves	Sir Paul Reeves
/wiki/Robert_Burchfield	Dr Robert Burchfield
/wiki/John_Cawte_Beaglehole	Dr John Cawte Beaglehole
/wiki/Saint_George	Saint George
/wiki/Brian_Talboys	Sir Brian Talboys
/wiki/Bill_Manhire	Manhire
/wiki/Brian_Barratt-Boyes	Sir Brian Barratt-Boyes
/wiki/Robin_Cooke,_Baron_Cooke_of_Thorndon	Robin Cooke
/wiki/Guy_Powles	Sir Guy Powles
/wiki/Lloyd_Geering	Lloyd
/wiki/Mai_Chen	Chen
/wiki/Roger_Kerr	Roger
/wiki/Brian_Barratt-Boyes	Brian Barratt-Boyes
/wiki/Fran_Walsh	Fran Walsh
/wiki/Alison_Wright_(athlete)	Alison Wright
/wiki/John_Money	John Money
