/wiki/Todd_Bidner	Todd Bidner
/wiki/Tommy_Stewart	Tommy
/wiki/David_Waronker	David Waronker
/wiki/Todd_Bidner	Todd
/wiki/Todd_Bidner	Bidner
/wiki/Tommy_Stewart	Tommy Stewart
/wiki/David_Waronker	Waronker
/wiki/David_Waronker	David
/wiki/Tommy_Stewart	Stewart
