/wiki/Wendel_Clark	Wendel Clark
/wiki/John_Kordic	John Kordic
/wiki/Pat_Quinn_(ice_hockey)	Pat
/wiki/Mats_Sundin	Mats
/wiki/Craig_Berube	Craig Berube
/wiki/Claude_Lemieux	Claude
/wiki/Barry_Melrose	Barry
/wiki/Joe_Murphy_(ice_hockey)	Joe Murphy 
/wiki/Rick_Tocchet	Tocchet
/wiki/Dave_Andreychuk	Dave Andreychuk
/wiki/Garth_Butcher	Butcher
/wiki/Mark_Tinordi	Mark
/wiki/Mark_Tinordi	Mark Tinordi
/wiki/Rob_Ramage	Rob Ramage
/wiki/Garth_Butcher	Garth Butcher
/wiki/Wayne_Gretzky	Wayne
/wiki/Barry_Melrose	Melrose
/wiki/Rick_Tocchet	Rick
/wiki/Garth_Butcher	Garth
/wiki/Vincent_Damphousse	Damphousse
/wiki/John_Kordic	John
/wiki/Wayne_Gretzky	Wayne Gretzky
/wiki/Marty_McSorley	McSorley
/wiki/Dave_Brown_(ice_hockey)	Brown
/wiki/Harold_Ballard	Harold
/wiki/Al_Iafrate	Al Iafrate
/wiki/Mario_Lemieux	Mario
/wiki/Rob_Ramage	Rob
/wiki/Doug_Gilmour	Gilmour
/wiki/Joe_Murphy_(ice_hockey)	Murphy
/wiki/Mark_Tinordi	Tinordi
/wiki/Steve_Thomas_(ice_hockey)	Steve Thomas 
/wiki/Dave_Andreychuk	Dave
/wiki/Joe_Kocur	Joe
/wiki/Craig_Berube	Berube
/wiki/Steve_Thomas_(ice_hockey)	Steve Thomas
/wiki/Dave_Brown_(ice_hockey)	Dave Brown
/wiki/Mats_Sundin	Sundin
/wiki/Marty_McSorley	Marty
/wiki/Joe_Murphy_(ice_hockey)	Joe Murphy
/wiki/Pat_Quinn_(ice_hockey)	Pat Quinn 
/wiki/Mats_Sundin	Mats Sundin
/wiki/Harold_Ballard	Harold Ballard
/wiki/Claude_Lemieux	Claude Lemieux
/wiki/Bob_Probert	Bob
/wiki/Harold_Ballard	Ballard
/wiki/Barry_Melrose	Barry Melrose
/wiki/Joe_Kocur	Joe Kocur
/wiki/Mario_Lemieux	Lemieux
/wiki/John_Kordic	Kordic
/wiki/Dave_Andreychuk	Andreychuk
/wiki/Wendel_Clark	Wendel
/wiki/Al_Iafrate	Iafrate
/wiki/Bob_Probert	Bob Probert
/wiki/Bob_Probert	Probert
/wiki/Rick_Tocchet	Rick Tocchet
/wiki/Dave_Brown_(ice_hockey)	Dave Brown 
/wiki/Doug_Gilmour	Doug Gilmour
/wiki/Wayne_Gretzky	Gretzky
/wiki/Wendel_Clark	Clark
/wiki/Rob_Ramage	Ramage
/wiki/Craig_Berube	Craig
/wiki/Steve_Thomas_(ice_hockey)	Thomas
/wiki/Mario_Lemieux	Mario Lemieux
/wiki/Al_Iafrate	Al
/wiki/Steve_Thomas_(ice_hockey)	Steve
/wiki/Pat_Quinn_(ice_hockey)	Pat Quinn
/wiki/Vincent_Damphousse	Vincent Damphousse
/wiki/Pat_Quinn_(ice_hockey)	Quinn
/wiki/Doug_Gilmour	Doug
/wiki/Vincent_Damphousse	Vincent
/wiki/Joe_Kocur	Kocur
/wiki/Marty_McSorley	Marty McSorley
