/wiki/Pat_Spillane	Pat
/wiki/Pat_Spillane	P. Spillane
/wiki/Val_Daly	Val
/wiki/Tommy_Carr	T. Carr
/wiki/Tim_Kennelly	T. Kennelly
/wiki/Robbie_Kelleher	R. Kelleher
/wiki/Mikey_Sheehy	Mikey
/wiki/Bernard_Brogan_(senior)	Bernard Brogan 
/wiki/Brian_Cowen	Brian
/wiki/Paul_Earley	Paul Earley
/wiki/Jimmy_Barry-Murphy	Jimmy Barry-Murphy
/wiki/Michael_Finneran	M. Finneran
/wiki/Robbie_Kelleher	Robbie Kelleher
/wiki/Jimmy_Barry-Murphy	J. Barry-Murphy
/wiki/Paddy_Cullen	Paddy
/wiki/Bernard_Brogan_(senior)	B. Brogan
/wiki/Brian_Cowen	Brian Cowen
/wiki/Mikey_Sheehy	M. Sheehy
/wiki/Jimmy_Keaveney	J. Keaveney
/wiki/Tim_Kennelly	Kennelly
/wiki/Declan_Barron	Barron
/wiki/Tommy_Carr	Carr
/wiki/Barnes_Murphy	Murphy
/wiki/Tim_Kennelly	Tim
/wiki/Paul_Earley	P. Earley
/wiki/Jimmy_Keaveney	Keaveney
/wiki/Paddy_Cullen	Cullen
/wiki/Bernard_Brogan_(senior)	Bernard
/wiki/Pat_Spillane	Pat Spillane
/wiki/Jimmy_Keaveney	Jimmy Keaveney
/wiki/Barnes_Murphy	Barnes
/wiki/Paddy_Cullen	Paddy Cullen
/wiki/Tommy_Carr	Tommy Carr
/wiki/Pat_Spillane	Spillane
/wiki/Kieran_McGeeney	McGeeney
/wiki/Paul_Earley	Earley
/wiki/Robbie_Kelleher	Robbie
/wiki/Ger_Power	Ger
/wiki/James_Sreenan	James
/wiki/Michael_Finneran	Michael
/wiki/Paddy_Cullen	P. Cullen
/wiki/Tommy_Carr	Tommy
/wiki/Jimmy_Barry-Murphy	Barry-Murphy
/wiki/Ger_Power	Ger Power
/wiki/Declan_Barron	D. Barron
/wiki/Brian_Cowen	Cowen
/wiki/Robbie_Kelleher	Kelleher
/wiki/Jimmy_Keaveney	Jimmy
/wiki/Declan_Barron	Declan
/wiki/Mikey_Sheehy	Mikey Sheehy
/wiki/Kieran_McGeeney	Kieran
/wiki/Barnes_Murphy	B. Murphy
/wiki/Ger_Power	G. Power
/wiki/Ger_Power	Power
/wiki/Tommy_Drumm	Tommy Drumm
/wiki/Tommy_Drumm	T. Drumm
/wiki/Mikey_Sheehy	Sheehy
/wiki/Val_Daly	Daly
/wiki/Tim_Kennelly	Tim Kennelly
/wiki/Barnes_Murphy	Barnes Murphy
/wiki/Kieran_McGeeney	K. McGeeney
/wiki/Liam_Cosgrave	Liam Cosgrave
/wiki/Tommy_Drumm	Drumm
/wiki/Declan_Barron	Declan Barron
/wiki/James_Sreenan	Sreenan
/wiki/Michael_Finneran	Michael Finneran
/wiki/Val_Daly	Val Daly
/wiki/Liam_Cosgrave	Cosgrave
/wiki/Bernard_Brogan_(senior)	Brogan
/wiki/Paul_Earley	Paul
/wiki/Liam_Cosgrave	Liam
/wiki/Kieran_McGeeney	Kieran McGeeney
/wiki/James_Sreenan	James Sreenan
/wiki/Michael_Finneran	Finneran
