/wiki/Harold_Gilliam	Gilliam
/wiki/Marc_Reisner	Marc Reisner
/wiki/Harold_Gilliam	Harold
/wiki/Marc_Reisner	Reisner
/wiki/Jerry_Brown	Brown
/wiki/Marc_Reisner	Marc
/wiki/Doc_Searls	Doc
/wiki/Jerry_Brown	Jerry Brown
/wiki/Jerry_Brown	Jerry
/wiki/Doc_Searls	Searls
/wiki/Harold_Gilliam	Harold Gilliam
/wiki/Doc_Searls	Doc Searls
