/wiki/Nicolas_Baudin	Nicolas
/wiki/Greg_Norman	Greg Norman
/wiki/Greg_Norman	Norman
/wiki/Nicolas_Baudin	Baudin
/wiki/John_Henry_Cox	Cox
/wiki/John_Henry_Cox	John Henry Cox
/wiki/Greg_Norman	Greg
/wiki/John_Henry_Cox	Henry
/wiki/John_Henry_Cox	John
/wiki/Nicolas_Baudin	Nicolas Baudin
