/wiki/Alton_Adams	Alton Adams
/wiki/Calvin_Coolidge	Coolidge
/wiki/Calvin_Coolidge	Calvin Coolidge
/wiki/John_Philip_Sousa	Sousa
/wiki/Alton_Adams	Alton
/wiki/Edwin_Franko_Goldman	Goldman
/wiki/Edwin_Franko_Goldman	Edwin
/wiki/Edwin_Franko_Goldman	Franko
/wiki/Calvin_Coolidge	Calvin
/wiki/John_Philip_Sousa	John Philip Sousa
/wiki/Edwin_Franko_Goldman	Edwin Franko Goldman
/wiki/John_Philip_Sousa	Philip
/wiki/John_Philip_Sousa	John
/wiki/Alton_Adams	Adams
