/wiki/Karen_Redman	Redman
/wiki/Karen_Redman	Karen Redman
/wiki/Charity_Brown	Brown
/wiki/Mike_Richards	Mike
/wiki/Scott_Stevens	Scott Stevens
/wiki/Mike_Richards	Mike Richards
/wiki/Dave_Farrow	Dave
/wiki/Markus_Koch	Markus
/wiki/Dave_Farrow	Dave Farrow
/wiki/Mike_Richards	Richards
/wiki/Charity_Brown	Charity
/wiki/Markus_Koch	Markus Koch
/wiki/Gabriel_Landeskog	Gabriel
/wiki/Markus_Koch	Koch
/wiki/Charity_Brown	Charity Brown
/wiki/Dave_Farrow	Farrow
/wiki/Gabriel_Landeskog	Landeskog
/wiki/Paul_Martin	Martin
/wiki/Paul_Martin	Paul Martin
/wiki/Scott_Stevens	Stevens
/wiki/Karen_Redman	Karen
/wiki/Scott_Stevens	Scott
/wiki/Gabriel_Landeskog	Gabriel Landeskog
/wiki/Paul_Martin	Paul
