/wiki/John_Fenty	John Fenty
/wiki/Rob_Scott	Rob Scott
/wiki/John_Fenty	Fenty
/wiki/Neil_Woods	Neil
/wiki/Russell_Slade	Russell
/wiki/Russell_Slade	Russell Slade
/wiki/Rob_Scott	Rob
/wiki/Paul_Hurst	Paul Hurst
/wiki/Neil_Woods	Woods
/wiki/Rob_Scott	Scott
/wiki/Paul_Hurst	Hurst
/wiki/Russell_Slade	Slade
/wiki/John_Fenty	John
/wiki/Neil_Woods	Neil Woods
/wiki/Paul_Hurst	Paul
