/wiki/Violet_Blue	Blue
/wiki/Doug_Morris	Doug Morris
/wiki/Sade_Adu	Sade Adu
/wiki/Veronica_Belmont	Veronica Belmont
/wiki/Sade_Adu	Adu
/wiki/David_Gewirtz	Gewirtz
/wiki/Halsey_Minor	Minor
/wiki/Daniel_Terdiman	Terdiman
/wiki/William_Cohen	William
/wiki/Sade_Adu	Sade
/wiki/Dan_Ackerman	Dan
/wiki/Leonard_Goldberg	Leonard Goldberg
/wiki/Leonard_Goldberg	Leonard
/wiki/Christopher_Dawson	Christopher
/wiki/Sumner_Redstone	Sumner Redstone
/wiki/James_Kim	James
/wiki/Mitch_Albom	Albom
/wiki/Declan_McCullagh	Declan
/wiki/James_Kim	James Kim
/wiki/Bruce_S._Gordon	Gordon
/wiki/Alexander_Zonjic	Alexander Zonjic
/wiki/Kenny_G	Kenny
/wiki/David_R._Andelman	R.
/wiki/Brian_Cooley	Brian Cooley
/wiki/Shari_Redstone	Shari
/wiki/Ryan_Seacrest	Ryan Seacrest
/wiki/Harry_McCracken	Harry McCracken
/wiki/Richard_Hart_(journalist)	Richard Hart
/wiki/William_Cohen	Cohen
/wiki/Veronica_Belmont	Belmont
/wiki/Daniel_Terdiman	Daniel
/wiki/Halsey_Minor	Halsey
/wiki/Richard_Hart_(journalist)	Richard Hart 
/wiki/Matthew_Barzun	Barzun
/wiki/Mitch_Albom	Mitch
/wiki/Howard_Stern	Howard
/wiki/Matthew_Barzun	Matthew
/wiki/Tom_Merritt	Merritt
/wiki/Molly_Wood	Molly Wood
/wiki/Charles_K._Gifford	Charles K. Gifford
/wiki/Declan_McCullagh	Declan McCullagh
/wiki/Mitch_Albom	Mitch Albom
/wiki/Bruce_S._Gordon	Bruce S. Gordon
/wiki/Brian_Cooley	Cooley
/wiki/Kenny_G	G
/wiki/Kenny_G	Kenny G
/wiki/David_Gewirtz	David
/wiki/Arnold_Kopelson	Arnold Kopelson
/wiki/Ryan_Seacrest	Ryan
/wiki/Bob_Seger	Bob
/wiki/David_R._Andelman	Andelman
/wiki/Veronica_Belmont	Veronica
/wiki/Jason_Perlow	Jason
/wiki/Leslie_Moonves	Leslie Moonves
/wiki/Esther_Dyson	Dyson
/wiki/Declan_McCullagh	McCullagh
/wiki/Doug_Morris	Doug
/wiki/Christopher_Dawson	Dawson
/wiki/Richard_Hart_(journalist)	Hart
/wiki/Sumner_Redstone	Redstone
/wiki/Ryan_Seacrest	Seacrest
/wiki/Arnold_Kopelson	Kopelson
/wiki/Rafe_Needleman	Rafe Needleman
/wiki/Bob_Seger	Seger
/wiki/Jeff_Gerstmann	Gerstmann
/wiki/Dan_Ackerman	Ackerman
/wiki/Charles_K._Gifford	K.
/wiki/Matthew_Barzun	Matthew Barzun
/wiki/Bruce_S._Gordon	S.
/wiki/Tom_Merritt	Tom
/wiki/Jeff_Gerstmann	Jeff Gerstmann
/wiki/David_R._Andelman	David R. Andelman
/wiki/Bob_Seger	Bob Seger
/wiki/Harry_McCracken	McCracken
/wiki/Alexander_Zonjic	Alexander
/wiki/Daniel_Terdiman	Daniel Terdiman
/wiki/Ina_Fried	Ina Fried
/wiki/Alexander_Zonjic	Zonjic
/wiki/Harry_McCracken	Harry
/wiki/Sumner_Redstone	Sumner
/wiki/Ina_Fried	Fried
/wiki/Jeff_Gerstmann	Jeff
/wiki/Charles_K._Gifford	Gifford
/wiki/Esther_Dyson	Esther Dyson
/wiki/Christopher_Dawson	Christopher Dawson
/wiki/William_Cohen	William S. Cohen
/wiki/Ina_Fried	Ina
/wiki/Richard_Hart_(journalist)	Richard
/wiki/Rafe_Needleman	Rafe
/wiki/Brian_Cooley	Brian
/wiki/Jason_Perlow	Jason Perlow
/wiki/Molly_Wood	Wood
/wiki/Esther_Dyson	Esther
/wiki/Violet_Blue	Violet Blue
/wiki/David_Gewirtz	David Gewirtz
/wiki/Molly_Wood	Molly
/wiki/Dan_Ackerman	Dan Ackerman
/wiki/Halsey_Minor	Halsey Minor
/wiki/James_Kim	Kim
/wiki/Leonard_Goldberg	Goldberg
/wiki/Tom_Merritt	Tom Merritt
/wiki/Shari_Redstone	Shari Redstone
/wiki/Violet_Blue	Violet
/wiki/Arnold_Kopelson	Arnold
/wiki/Doug_Morris	Morris
/wiki/Leslie_Moonves	Moonves
/wiki/William_Cohen	William Cohen
/wiki/Jason_Perlow	Perlow
/wiki/Howard_Stern	Howard Stern
/wiki/Charles_K._Gifford	Charles
/wiki/Bruce_S._Gordon	Bruce
/wiki/Leslie_Moonves	Leslie
/wiki/Howard_Stern	Stern
/wiki/Rafe_Needleman	Needleman
