/wiki/John_Edward_Gray	Gray
/wiki/Tamezo_Mori	Tamezo Mori
/wiki/Oldfield_Thomas	Thomas
/wiki/Sean_Combs	Sean Combs
/wiki/Sean_Combs	Combs
/wiki/John_Edward_Gray	John Edward Gray
/wiki/Oldfield_Thomas	Oldfield Thomas
/wiki/Tamezo_Mori	Mori
/wiki/Oldfield_Thomas	Oldfield
/wiki/Tamezo_Mori	Tamezo
/wiki/John_Edward_Gray	John
/wiki/John_Edward_Gray	Edward
/wiki/Sean_Combs	Sean
